ffff8222
ffff761a
00003a8b
000019fc
00016ee6
00008569
fffd2c4a
fffef45e
ffffd6be
ffff3e25
fffff5f2
ffff0a39
fffefeb9
0000867e
0000dfd3
fffee8bd
000055ba
ffffeba6
00006cf6
ffffff33
ffff40a1
000070f6
0001c2f4
0000ac55
0000c33d
ffffff97
fffff8d9
00008c56
ffff03df
ffffe789
00015fa5
ffffda7c
ffff4e6c
0000069b
fffe689d
ffff64b8
00006743
fffea0e9
ffff8d1d
ffff5489
ffff68d1
ffffdbfb
0000489f
ffff2220
fffe57e3
0000ad81
ffffc7d4
00006c28
ffff777a
00013844
00006143
fffe8ad2
ffff3f57
00015153
fffffca5
ffff9950
fffea845
00007d76
ffffa5af
0001c593
0000ee58
fffe53a1
00006618
ffff8e79
00007cdc
ffffa718
000054a3
ffffaa47
00002710
ffff01ec
fffffde1
ffff1446
ffffec15
ffffd71a
ffff3f05
00009fff
000279f3
ffff68d7
00006bb2
00025afe
00008e4f
00009180
00005928
0000cb4a
0000c246
ffffc118
00017c0f
ffff1b70
00014e39
fffe643d
0000b059
fffff690
0000d1c3
00006000
ffffec49
00002ea6
ffffbda7
ffff0008
00023203
00009126
ffff8682
000055a6
fffef312
00016683
00004c02
000223ff
fffefcec
ffff8e22
0000e276
0000cbae
00011c92
fffedc11
fffee418
ffffa678
ffff8a58
fffe9d2f
0000391e
0000a231
0000a2f5
000016b9
0000499c
00002881
00009fa1
ffffcae7
ffff941d
000000f0
000016f4
fffe915c
ffffde82
0000388c
ffffc896
ffff430d
fffead92
ffffc228
000080a6
ffffef27
ffff604d
0000e4a4
00001664
00009c74
0000085d
ffff5f41
ffffc173
fffef36f
ffff8139
fffff978
00003059
ffff98b0
000090ef
0001140b
fffe8e33
fffef9a7
fffea366
00005a03
ffffe43c
ffff90fb
000097a6
000084f7
ffff4201
fffe4c7b
00011fa8
ffffaeff
00001052
ffff42c7
00004539
fffe56de
ffff994d
fffffe9f
ffff758c
fffdc501
000176cf
fffec2b5
0001e1fe
00017dc7
fffee04c
ffffed5c
fffe976f
ffff55d2
0000df81
ffffc3a2
00017362
fffee64f
ffff634c
0000b9df
ffff9630
000092a2
ffffcce1
ffffe295
ffff68a4
ffffdb6b
ffffa48c
00007cf5
fffe465d
ffff7b3a
00009b24
00016bed
ffff5484
ffffe342
ffff2e55
0001690a
fffeac1d
0000a983
0000e769
00019845
ffffa485
fffefb16
ffff1751
ffffa281
ffff4157
00008e07
fffeb077
00006225
ffff69b0
ffff8244
0000b19c
fffedf7a
00019f37
ffff31e6
fffeedc7
fffff424
0000b65e
ffff9305
ffff31a6
00022701
ffff41e7
0001b5f3
ffffe354
ffff64d0
00013f8f
ffffcf74
ffff74f7
00013249
ffff8b9c
fffe5210
0000b2f1
ffffd674
fffe32c0
0000678f
000062fa
fffee70d
00003ef1
00017e44
0000dba8
ffff2789
fffff0e4
fffedc88
00036d59
ffffafc8
ffff552a
ffffd4be
fffff1fb
ffffc310
ffff68b0
0000f48f
00011e1c
00005b93
fffe8604
ffffc17b
fffe990f
0000001f
ffffb6d3
0000dfd9
00004d40
0000ffca
fffffeca
ffff66ce
fffe7c45
0000fb1a
fffeb7ca
000056ed
ffff19e5
ffffe4e5
00000be6
0000268c
ffff6d7f
ffff1a2e
ffff9b7a
ffffb82c
fffe72a0
00004e99
0000ea51
00002ea3
00013d1c
ffffa9d2
ffff1e9e
ffffc2fa
ffff4a5c
0000b526
ffff3b60
0000946c
0000ddce
fffeffdd
ffff79d6
0000a2e4
ffff4b85
00006b07
ffffa604
ffff6450
ffff6364
fffffa72
fffe45ce
ffffea5c
00009f07
ffff425d
00013300
ffff599d
000018b6
ffff55c4
000028e4
0001e3d2
00002aa7
fffeb7d0
00005971
ffffee41
0000fc34
ffff9f01
00005696
000032c8
00001958
ffff54ab
00004e8d
ffffc9db
ffff3880
0001a2e4
00005717
ffffdfd7
ffffc923
0000620d
ffffd0f8
00002b38
fffe50c2
00009cf5
000089d1
fffff01f
00005393
00014d8d
00005553
ffff74be
ffff19df
fffefc50
fffed193
ffff997c
0000b781
00017a08
ffffa234
fffea174
0000d0c0
ffff6357
00011d1c
00006678
0000d31b
ffffd8c9
0000da98
00001260
ffff9b3e
000185bf
0001b5dc
00005fbf
0000dd85
ffff3c64
fffee653
00007e2b
0000acc4
00006cb3
0000d3ff
fffe80a6
ffff9436
fffe3afc
000036c9
0000095f
00006c87
ffffc5ba
0000a7ac
0000a7c7
00006f4d
000228c8
ffff38b9
0000dc9a
ffffbc7c
0000c19f
0000ff45
00000dae
fffe22bb
0000224b
fffeb0f4
ffff71ca
00004b82
ffff5f02
fffe264e
ffff3405
0000d5d2
00005273
fffef1e7
fffff43b
000115b0
ffff11ce
ffff9b76
0000ac0c
fffeabb3
fffff2e6
00000762
fffef005
fffefe59
ffffd20a
fffdfc1a
ffff5cd5
0000600d
ffffc398
00010ce5
ffffc328
0000f9d6
00016855
fffffae1
ffff6b0d
ffffdc91
00018606
00009d44
0001667a
000178d6
ffffccc7
00018547
00025a45
0000dfcc
000077ec
ffff53af
ffff1f44
fffe1a08
ffff5aa1
fffeef84
ffff3e77
fffed762
0000046d
0000f066
ffffeb58
0001ce88
00012325
ffff7557
00001e5d
0000baf0
ffff7c43
ffffd02d
ffff41b5
ffff8131
000027cd
00000358
0001bea3
fffff54e
0001ef99
fffe24f5
fffe5c31
00009d86
000212b1
fffeff90
fffed211
0000d9b3
ffff8403
000246dd
ffffd600
ffffb816
fffe8947
00010b7b
00000f57
00003f20
fffe652c
ffffabd0
0000bc39
00001d99
00003aec
0000bfb3
fffe77ab
0000be78
0000800d
fffefa51
00006fae
ffffec5c
00019df7
ffffcd46
ffff6a2d
ffff373c
fffe00d6
0000daa1
00005ce1
0000f245
ffffb525
0000095a
fffe6c2a
ffffdbb7
ffffedde
fffe456c
ffffb149
00010767
0001310f
ffff36b8
00008267
ffffd7fa
ffffdd1f
0000b619
ffffcbb7
fffffcc4
00006132
00004106
0000d7e2
00003052
00012678
fffed5c2
ffff961c
fffff290
ffffd408
00011797
ffff263f
fffffd01
ffffa0e4
ffff6bab
00007ccb
0001763d
ffffeaeb
00007472
ffffaa35
000067ca
ffff218a
0001d54f
00002c8a
ffffa1d6
ffffdf7d
0001b16c
ffff52a5
fffea79f
ffffe25b
fffea28f
ffff75c8
ffff7879
0000d8e5
0001108e
000157f9
fffe101f
ffff453f
ffffb168
0001c2c6
ffff3bae
ffff809f
00021e6a
fffe8ab4
ffffe2b3
000039b9
ffff5130
fffe8e75
00002b2a
00005e35
ffffcab6
ffffc98c
00003b63
00009a8e
00016a35
ffff27b6
ffff8b56
ffffe121
fffedf92
00004a3d
00008807
ffff315b
fffe9d36
ffffb055
00017fc8
ffff807b
00029027
ffff9218
ffffecdc
ffffd1f5
fffff7f8
ffff4162
00008694
fffe47cd
0000d12b
0000a1a9
0001081e
00007d5c
fffe5b3b
ffff2a83
fffee94c
fffdb183
ffff35d0
0001cb48
fffffe84
ffff3d08
000032fe
ffffa566
0001a4c2
00000aa1
ffff445e
000174d2
fffe130b
ffff8450
ffff35ad
00004fa1
000078e4
00010c98
ffff90b1
fffef84a
ffff7c18
00016491
ffff3dd4
ffffbe28
fffeb050
ffffacfb
0000585f
000008ea
000092c4
fffef074
00009289
00016264
0002100a
00004c5c
ffff49a3
0000ab5a
ffffc97b
00008c14
fffeeb07
000039a0
ffffc192
ffff561c
000107bc
0001d84d
00016988
00002976
fffff7df
0000dfaa
0001d49a
00018a15
ffffa07a
fffd5c84
ffffa545
fffddc06
0000143c
ffff3ac1
ffffa17f
00023baa
ffff3add
00006558
0000a911
00008898
ffffeff9
00009913
00019de0
000074e5
ffff8c6e
ffffcefb
00019e44
000069c1
fffd9667
fffe307f
00007733
ffff1fb6
0000e13b
00023fe9
00005446
fffe5d0f
00002ccd
000009be
00022b26
0000edea
00006a9a
fffec1c0
00000992
0000a75b
ffff7462
ffff46b7
0000b4e5
ffffe24e
00014cda
0000e72c
ffffa534
0001b9a9
fffe6744
ffffb164
00012bbe
000175d8
ffffed2d
000036a5
00005095
000033aa
00008541
00004d2b
fffdc8bb
ffff0e4b
0000e242
ffff0351
fffedabc
0000b0cd
ffffa848
0000cb41
ffffe73e
ffff3de4
00009f8b
0000464c
0000c0f1
ffffb9b0
ffffb773
00002d71
00008b07
000001c5
ffffd6f2
00010cfa
fffec4c7
ffffcdb8
ffff9cdf
ffffcdd6
00005878
000014db
0000336a
fffe3456
0001a577
ffff23eb
0000e17c
ffff39ea
ffff7ae9
fffe543f
0000413f
fffeb65a
fffecdbf
00001ee5
00009632
ffff37eb
00008000
fffed1b4
00004caf
0001e51a
fffe9ba8
00017421
fffeb7ef
0000ff68
ffffe336
fffff3ab
0000b3f5
000017fa
ffff871a
000094d6
00012f5e
ffff91d8
ffff41d9
00001a90
ffff90bf
ffff4272
0001450c
0000757f
fffefb13
00002f1c
0000c39d
fffffc24
00004543
fffdaa3a
fffe5e94
ffff1986
00008e78
ffffc210
000012e6
ffff01bf
fffff113
000006f7
fffef3b7
000035cd
ffff52ab
fffecc7f
0000f1fc
0000d6b4
0001be2f
fffefe7b
ffffae38
ffffc691
00007e65
00015ac3
0000125b
ffff64d8
000063cb
0000a04a
00003dd2
00006206
00009b47
fffe784b
ffff6403
00006751
ffffec34
fffeb0d2
00001a8c
0000815d
ffffab4c
0000384b
fffd5c00
000137f0
ffff265d
0001144b
0000d865
ffffef6f
0000f0be
ffff707a
fffdb45d
0000f151
00004202
fffdd16f
00000f87
00006613
ffff211a
0000abd5
ffffb3ce
0000e59d
00014326
ffff75bd
ffffec2a
ffff1c4a
0000c329
fffe88b7
ffffdaa7
0001c7c0
00010353
ffffd160
0000a4c9
ffff4825
0001aafb
00001baf
fffe572e
0000faff
0001df47
ffff9452
ffff1097
000043c0
0000f16c
00007ab7
ffff075c
00012c46
ffff947e
fffeee36
fffeb803
fffe644e
00012355
0000f6a1
ffff9411
fffe5f21
0000a6b7
00013b9d
00009670
ffff0e1f
ffffcceb
ffff0d7c
00021993
fffecd41
00007e2d
00025c07
ffffa092
fffe43a6
fffe800a
ffff4ee2
00013987
00010ed1
000096e9
fffdf450
00010d93
00000609
ffff9816
0001b0d7
0001588a
ffffcb86
ffff0efd
ffff9ce2
fffe9c6c
ffff2d83
0000ac49
ffffeed3
0000e22e
ffffbf45
00012224
ffffc63f
00013d2c
00007864
000006b8
fffea7bb
000184d2
fffe4e2a
ffffc906
0000a171
00000762
ffffb763
0000629a
fffeaeec
00014caa
ffffe002
0001d161
00008f8d
ffff5be5
000021f7
00005594
000130ea
ffffb837
0000ac2a
fffe0a32
ffff7385
ffffe18d
00008ec1
ffffb8a9
00000983
ffffc2b2
000120d6
ffff0f87
0000bc9b
ffff5d28
ffff0dee
0000630a
ffff00ad
00000ff8
ffffa509
ffff018a
fffef400
ffff785c
000022e9
0000c004
0000263f
00006c5c
fffe6bb6
ffff7523
ffff1479
0000ec34
fffeb443
ffffdb4c
ffff4ddc
00002f91
000086ef
000197e9
ffff9b21
ffffe2b5
00010880
ffffb17a
fffeeab6
00006678
ffffc89e
fffff566
ffff4e89
fffffc78
0000ff6d
ffff8ba8
ffffbb75
00009596
ffff7217
fffd635c
ffffe656
fffe7fff
00007e86
fffffb1d
0000b633
00009d68
ffff5d30
00002aeb
000146cf
00003558
ffff9eca
fffed93d
ffff57ac
ffffbaa1
0000cf54
ffff30bb
00016eaa
ffff98b4
ffffb55c
000061a1
0000ff89
ffffb889
000287ea
fffe79ce
ffff610d
000003e0
00008824
0000c9a0
00001b7e
fffec9a2
ffffc524
00024e3d
000041f9
ffff8f94
0000946c
fffe05bf
00013e98
fffe1bf1
ffffa2fe
ffff4582
000150c0
0000b1ab
000052af
00004f64
ffff5b2d
ffff0cc3
ffff99d9
ffffddbb
fffec04f
0000576d
ffff44be
0000438c
ffff9d39
fffde485
0001cbbf
00012efe
ffff6155
0000a88e
ffff6751
00011544
0000c786
ffff2899
ffffd65f
000051b8
ffff3bc9
ffffe4a1
ffffdbb9
0000d396
00005610
fffe6684
00007fd5
ffffb8c1
fffff487
0000ac46
0000114d
0000ab12
ffffb7b4
ffffefa7
0000e16b
ffff1a99
ffff5c08
0000848b
fffee681
0001a764
00028b2e
fffece54
fffeff55
00019d17
00015e72
ffffc251
ffff738b
0000b48b
ffff88b2
fffea2a7
ffff7eed
ffff4981
0000dcfc
00019e4f
fffeed39
00004f7a
ffff283e
fffeafd9
ffff2f5c
ffffbf87
fffee74a
ffffae8c
fffebb52
fffee91c
00017f9b
ffff89e7
00000d7a
fffebb2a
000050ec
fffea394
ffff10b1
fffec27b
ffffeee4
ffff2d1c
ffff1a05
0000d6aa
ffff5456
fffffa17
ffff83ec
0000c6eb
ffff1493
ffff7efc
ffff84e6
ffffef8a
ffffce3f
00022b46
ffff5a5b
ffffcec7
ffffcbcf
fffead2b
000038db
0000ba49
ffff8148
ffffd632
ffff34d2
0000676c
00004d6c
00001645
ffffff01
000143fc
ffff4411
0000abd0
fffe826d
ffffeb59
ffffec2d
0000cce1
ffff17b4
0001724d
ffff865b
fffff340
0000d1d6
000255c8
00001372
00004d87
00019fe0
0000671a
ffff2ba2
ffff716f
00003e01
00002fe0
fffef686
00008735
fffedd90
00003b95
ffff9c64
fffe9479
fffda626
fffedddf
00009f27
000072f5
00003342
fffff2fe
fffea3bf
00018024
ffff434f
ffffe348
0001d9db
ffffc61d
ffff32fe
00017796
ffffcbd8
fffed440
00021452
ffff18dd
fffe77ac
fffee72e
ffffa06e
00001d64
0000896a
000024ff
00002bf5
00008aa4
ffff4c1b
ffffceb8
ffff9169
ffffdc06
ffff7d3e
0000d986
fffe2995
ffff1bea
00009b56
0000145d
000030da
fffebd46
ffffe6df
ffffb134
0000a08a
ffffd408
0000c4cc
ffff7e05
0000597c
fffe8c5e
0000ff61
ffff027d
ffffdc8c
00006cbc
ffff362d
00015ae1
00009a91
fffd9aeb
fffe5388
00003da0
0000bd69
ffffaf82
000068a1
ffff91d3
0000f63c
00019a6d
ffffcf54
ffff347e
000158f1
00000e02
00002141
ffff5246
ffffe2fe
fffff418
0000c63a
000122b4
fffefea8
00001812
0000a1cc
00019815
0000df91
00014907
fffef794
ffffbfc9
ffff1d62
fffe7203
ffff19b0
ffffeea8
000051d9
0001183f
ffff44f4
00012e1e
fffee13f
ffffaf20
ffff2e0d
fffe7126
ffff3bd8
00003202
fffede75
ffff6e5a
00002e97
ffffb16f
ffff8a4c
00008f4f
ffffe0ed
00001115
fffea169
00005df7
ffffde1d
0000585a
00013418
0001d8d5
ffff7c0f
fffe1b5d
ffffec14
fffe2e40
ffff1cd2
000089e9
ffff8828
ffff13c8
fffeb4b4
fffd7bc7
ffffe8a4
ffff52e8
00008749
fffeb461
fffedb16
ffffbc13
ffff0987
00009233
ffff08dd
ffff2fac
ffffb674
00009750
ffffadd4
0000eeb6
fffec502
fffea6d4
00007d11
ffff29a0
ffffaa7d
000041c3
ffff9959
0001513b
fffffd45
ffff8710
ffffa418
ffffba74
ffff6448
fffe7fd6
0001e62a
fffe92db
0000fbae
fffdbcae
0001e43a
00014f48
fffefc3b
ffff09d1
00012dc5
ffff1dba
00000c98
0000726d
ffff0710
000088d4
ffff66c0
fffecea2
ffff0db9
00000fd1
fffea773
fffe65d9
00004608
ffffd758
ffff9db9
ffffc84a
fffff7c3
00015303
0000067d
00005f66
00004cc5
0000739e
00015667
ffff1a51
000114eb
fffd58b7
ffff77aa
0000fb0d
00011914
fffe98da
0000cd52
0000304b
ffffcb0b
ffff54cb
fffde0de
0000209b
00002bdf
fffeee19
ffff1c2e
ffff4069
ffffd9d9
ffff321c
ffffba70
ffffa018
00007a19
00000f12
fffe40f4
ffffc298
ffffe6dc
ffff36a2
00015b37
00012a90
0000ef8a
0001198e
00006792
0000f0d4
00018bc2
fffe3587
0000d8b4
00001dac
ffffd8aa
fffe2bd6
0001713d
fffe2bc6
ffffda57
0000b7c6
0000141d
ffffdbb8
00000765
00012b0a
0000921b
ffff5795
fffdf4cb
ffff5e54
fffe9f60
00003359
ffffb762
000211bd
00007f08
ffffc6c4
ffff6b1f
ffffaef8
00005982
0001c20c
00026652
0001ff29
0003266c
fffec0e7
000279c2
00002ae6
00001619
ffff772f
ffff8aad
0000a66c
fffee1cf
ffffbf24
ffff932e
ffff0d88
000069e6
00002398
00003bd1
00006a13
00009534
0001663b
ffff7e9c
ffffb15d
0000f071
00006e8f
ffffa99b
fffff567
000026d2
000068c6
00024763
ffff05f2
ffff077b
0001208f
ffff9c25
ffff3842
00006be3
0000b60b
fffff687
00002cfd
ffff3f6b
00001b11
fffffda1
00003019
000071ee
ffff744e
00013429
000048d6
0000b23d
0000649b
ffff3751
00015b99
fffe98b7
00002d0c
ffffe6e9
ffff8d86
ffff67ca
00001e4f
00011d19
ffff823b
ffffb2f6
fffffc54
00018976
00004a33
ffffb2fa
0000395d
fffed20a
fffe6620
00004007
00011524
00009e5d
0000e2f6
ffffd9bf
ffff96fd
fffe33ce
0000039e
fffeb3c0
ffff1d91
00009e85
00009524
0001d3c7
00004093
fffed9eb
0000a668
ffff5241
0000b2dc
0000cb5d
ffff7b2f
000199ea
000006d1
ffff5e3b
ffff67c1
ffff6fce
00009ab3
fffe6de3
0000d794
ffff8de5
00004a0f
fffeb5f1
ffff75b7
00008d7a
fffffc21
ffffcb8a
0001a645
00002a26
fffebbe8
0001501c
0001c395
0000b433
00003f35
00011f2a
ffffe5b2
00004c8d
ffff69bb
fffe17a4
0002571e
00007dd2
fffeee66
ffff4e7a
ffff6338
fffffed9
0000632a
00012c43
ffffa733
ffff21bc
00000062
fffe3406
0000236c
00010c01
ffff07bb
00006dfc
00002af5
ffff29b8
000097b9
00000819
0000b877
0001149c
0001cb18
0000035b
fffff357
0001a434
ffff8067
ffff7d5a
0000b1d8
ffffbf5e
ffffda98
00001a16
0000ed11
00003bff
ffffd3b1
00006e5f
000036cb
ffffef29
0001662d
ffff4b15
ffff723c
00002e47
fffe7dcc
000038dc
00012f01
000129ad
ffff4395
00002f9e
0000bdbb
00011f29
fffffed4
ffff6fae
00014376
ffff8d39
0000263e
000040bb
fffe4318
ffff5f7c
ffffaef6
000088bd
ffff109f
ffff4234
ffffa2a7
ffff1548
0000da83
0000fe1b
fffe9b95
fffe1415
ffff8983
fffe5d13
0000a874
ffffca21
00020f37
fffeb971
00004668
fffe7b7f
00004f61
000091e5
00001196
ffff2d9a
ffff8a01
00008cd7
fffe2483
ffff3699
00005cac
00014ac7
0000df77
fffec94e
ffffe0e4
ffff602d
00016c88
ffff1347
ffff8380
ffff95ab
ffffade8
0000e12f
ffff7e72
ffffa3a4
0000ef54
0002bdd5
fffeef82
00009f1b
ffff416d
0000e3c2
fffef730
00002f0e
ffff123a
ffff56b0
000081fb
ffff3663
ffff6fcc
fffff397
ffff12e0
0001eaab
0000d255
0000242b
ffff7acc
0000f9f2
000127a8
ffff904a
0002088e
00001cc6
00001468
fffe5c96
ffffe918
00002d9c
000122f3
00008ccd
0000ac59
0000e4f7
ffff2b0f
ffff4128
000037af
00018400
ffff656a
00001a74
fffdd2a9
ffffc87a
00000e48
00007ab9
00002813
fffe3a68
00004c72
00009490
ffffe420
0000a688
0000aca4
0001365e
00010281
00009f05
ffffc2e3
0000cc8f
ffff88b1
0000363f
0001f0bd
00011990
ffff7636
000041e6
ffff2e99
ffff499f
fffe7e2c
00000b2e
ffffba1a
000186e9
ffff8146
ffff3e50
fffe5f01
ffffe73a
0000e78b
ffffed12
000069a6
0000c998
ffff4ae8
fffe84b2
fffea2cd
fffee797
ffffc3e5
00006833
ffff6d1c
ffff5c1a
ffffec81
fffdbe8f
ffff9371
ffff53cd
0001abd2
ffffee02
0000c20e
ffff82b1
ffff646a
00009bae
000013b1
fffdb780
ffffecf6
ffff5b79
ffff86dd
00008412
ffffc5df
ffffa4c4
0000edd5
0000c075
0000d90b
0001c96e
fffe9c1c
00013956
00003f73
0000385c
ffffe38a
00001915
000037ce
ffff9e24
00027583
00002168
fffec1fa
ffff9f2e
fffffba8
ffff254b
00000f7b
00002c93
ffff4885
00003eab
fffeda80
00015427
0000054f
ffff1fe4
00002ddc
ffff8362
0000991b
0000185f
ffff1e69
ffffee8b
00002954
0000a7ac
fffe8fb6
ffff436f
ffff52b2
000007b9
ffff9d37
00006887
00012eb4
0001b99f
0000cd86
fffecd62
00014364
00005621
ffffbbf0
00024c75
fffe243e
ffff8fac
0000bac5
0000abfe
ffff44ab
ffff2b49
fffefdcb
00009b92
00024840
fffef5f3
ffffb195
0001746d
00001589
fffee086
00006fa9
fffef4bc
00007020
fffedc88
ffff3bb7
ffff73e2
ffff2772
ffffad57
000054a1
fffd4dfb
000118ce
0000471e
00002d19
ffff5a2d
ffffe82a
ffffa555
ffff9405
0000b18b
ffff73e7
000208a5
ffff3311
fffebe0d
fffface2
ffff2971
00002a1a
00012a9b
ffff8fb1
ffff6f62
0000e02c
00007ab7
ffffe2c0
0001ff6c
00005148
fffed295
fffff4d8
fffffef9
ffff96cf
fffefd47
00007ad1
000021be
00003f4a
ffff7a9f
0000d979
ffff7d6c
ffff0422
ffffb11b
00009c3e
ffffe3c1
ffff5223
ffff0179
00005d8c
ffffc276
ffffbe95
00016eda
0000c3c4
00022583
fffff147
000120f3
000093b0
ffff35b2
000066c7
00006d31
ffffde9d
fffe64eb
ffff31d4
00007fbf
0000b5fa
0001c75e
ffff9e4b
ffff838d
00010ce7
fffecd2d
00017438
000009b3
ffffbd48
0000ad7c
ffffe2de
fffe508a
fffed3ff
00004655
ffffb413
00007aa6
fffec77e
ffff026c
000072ba
fffe8662
0000e859
ffff8d46
0000a1c4
ffff48c1
000009b4
ffff8af2
00001e3e
0000d2d6
00003cb9
ffffa660
0001a9fa
ffff6ef7
000097b3
00001fbe
00005975
ffff1f52
00014b2e
0000d2cd
ffffb850
ffff9991
000129b9
fffdfe62
ffff149a
0001474e
fffd0f72
00002354
fffea34c
ffff5189
fffea2fc
00005761
00004a5b
0000d628
fffea1f1
fffd758b
00025ad9
ffff819d
0000e792
ffff9a12
fffe71a8
0000a691
fffe238c
00006d8c
0000e320
00002a79
fffefdb7
00022b2e
00000adc
ffff7041
00014d63
0000876e
ffffe71d
0000f529
ffff10cd
fffe6a83
ffff7476
000269d2
00019aa8
000064e5
ffffa25c
0001cd0d
0000d3bf
000019e0
00010a55
0000fdde
0000a750
0001d321
ffff4cc6
000058a8
fffeef5d
ffffaddc
ffff2b06
fffff7e7
ffff3fa8
ffffe2e2
ffff504c
ffff38b4
ffff3634
ffffb9f5
ffff220e
000056ac
ffffe2b0
0000e4a3
ffffb7b4
fffe625a
ffffb378
ffff42f7
ffff2792
00004ec2
ffff3aa0
fffe8716
000186c0
fffec3f5
00003572
00014bde
0000c117
00004a0e
00016a07
000061ff
00001a6f
fffecfbf
fffed32b
ffff8682
00004e95
00009bbf
fffef91a
0000bf07
00003928
0000da02
fffe859e
0000d8a3
0000b4b0
ffffe99d
000126b9
0000874d
0000c9fb
fffebef5
0000d4bb
00008c77
ffff5017
ffffa3ab
000039de
ffff4d8d
0001150b
ffff5717
00002bd9
ffff37a3
fffee443
0000c871
fffebbbb
ffff1e7b
0000c75b
ffffa277
00003d3e
fffef484
ffff5d3d
000098b4
00005e58
0000315c
ffffb0f5
00008a23
00000e18
00005fa1
fffff4b0
0000ff30
fffea2c9
ffff0a47
00010a61
00005586
fffe51a8
fffffe44
ffffd239
00018f72
00011d0f
ffff3664
ffffeb82
fffeaeb4
ffffb9c4
ffffc25a
000150a1
ffff913b
ffffb6cd
00001ab4
ffffff2e
0001a744
ffff5455
0000403a
00003d0d
ffff6b5c
ffffdbdc
00007f82
00012be8
0000e4ad
ffffe779
00004d80
00002dbb
ffffa97e
0000feba
ffff7792
0000b65f
0000dd07
fffe3efd
ffffc138
0000b696
ffff4670
000155aa
ffff9b1c
fffec761
00008597
00002748
fffe335c
fffeec51
0000911c
00000883
fffff11b
ffffaeba
ffff8976
ffffd74b
fffff459
000001da
00006684
ffff89fc
ffffd44a
ffff5973
ffff7e2f
00002128
ffff3118
ffff1e8b
0000fb24
fffe0ad4
ffffc79c
fffeeef4
0000106a
ffff89e8
ffffdc75
ffff9d59
ffff0cd7
fffea9c2
00012119
ffff8d3d
fffe6ed0
fffee85a
0000821b
0000f71f
00003d35
00006c08
000056cc
00011133
fffff98d
ffff53e6
ffffa0a7
ffff0ac2
0000575d
ffff304e
ffff4246
00015592
ffff2c55
0001bdd6
ffff12a8
00002ef3
0000dbc5
0000dbc2
0001ade6
ffffa717
000120f7
00002f11
00003946
000159a5
ffffb59a
0000b6d9
00002b34
0001b9bb
fffff7a3
0001915b
00005720
00005b4d
fffe63fb
000145cc
00014ba7
ffffa9e6
0000d142
0000c687
0000aeb6
00000f02
ffffa263
ffff3562
fffebcef
fffed8d7
00011417
ffff5adf
0000108e
ffff0eea
ffff13ed
00004d7e
ffff7c62
000159fb
ffffc045
ffff6b3a
ffff9e6f
ffff8b42
0000167a
0000ec2b
00014afd
00003420
fffeb2eb
00022fa5
00002082
00001fb5
0000b0e9
ffffd0b0
ffff50a5
fffe0fdb
00018440
00008682
00002d24
00014dcd
ffff1ac7
000044f2
00008f77
fffebc61
ffff4d95
00003718
ffff93c6
fffefa69
fffeceeb
ffff6f7f
000050f2
fffdeb73
ffff47a9
fffe8923
0000926a
ffffadc3
fffee990
ffff051d
fffebf6e
ffffbcd5
000047c1
ffffa95a
ffff8af5
ffffae0c
00000d65
ffff9518
00012a78
000149df
ffff0251
000038cc
00015347
fffd75a8
ffff0649
fffe84d5
00006d33
fffffee2
ffff054c
fffecc5e
00003ed7
fffedf85
0000e70d
ffffc32b
0000b061
fffecac8
000063bf
ffff1b87
fffff1ad
0000677d
000055e9
00007c54
ffff1729
fffdd4f8
00007acf
fffe8c25
ffff874c
ffff48a8
000080e1
ffffdec3
ffffb519
00002ec4
00003d02
00007ca6
fffee012
fffe0bd1
fffe2768
ffffc502
00010dd7
000128fd
fffe649a
0000ed75
fffe7572
000116d1
000058f1
fffef560
0000d085
00012f2b
000034db
00002c77
fffebfe1
ffffd6c6
ffff3ec3
fffec8aa
fffeb175
0001b461
0001fdca
ffff757a
fffeec74
ffff962d
000119fc
ffff08e0
0001247e
000096d9
00002f85
0000d1ba
0000106c
0000a0f0
0000158f
ffff533b
fffeff0f
ffff0b1a
fffebf7a
0000f341
ffff6e1a
00002cae
0000f390
ffffe6b5
ffff139c
00012f4c
ffffcb11
0000e369
00002c24
000052f7
fffec5da
ffffd9fb
00004769
ffffd663
00002c67
ffff7cc0
00001f10
00002a6e
fffea136
00008421
00006edf
0000bbf3
ffffb245
00006890
fffe0432
0000cb70
000028e8
00000600
0000f2f1
fffe8f2b
ffff17f7
fffe9a3e
ffff965a
fffff339
00009047
ffffb4e1
000187f3
ffffaf56
000086d0
fffed561
fffeee35
fffebe7b
0000fa33
ffff027b
000058fe
00012233
ffff20b8
0001064d
00004897
00015700
ffff9bb0
fffd76f8
fffea9fa
00008fa7
fffe95e0
0000ac01
0000210c
00008855
000166fe
fffff7ea
ffffd997
000026cc
ffff8d8e
ffffba57
000041e3
ffff1940
00014cb5
0000b0b8
fffecb22
ffff0c18
000081a2
00003280
ffffe093
ffffc957
000115ae
00000b82
00004fde
ffffb3fb
00015f9f
0000947f
000019c3
fffffd7d
00007a0b
0000f304
0001ea6a
0000af77
000053f3
00003236
00000966
00007ed5
00010d1c
ffffcb12
00000523
ffff908e
ffffb552
fffe726b
00007cdc
ffffa2e4
fffeff7c
ffffde41
0000232c
ffffb5c5
00008ae9
fffebaca
ffff9515
0001b0d9
000068e7
ffff2191
0001339d
000146bd
ffff30e3
ffffd55b
ffffc3c7
ffff354f
00005636
fffde5e0
0000bd09
ffffe102
00007f91
fffff483
fffd5d74
00013f41
ffffebd5
ffffb20d
0000e63d
00001128
fffe6d4a
0000767b
00009234
ffffeb18
fffe857f
00003460
ffff642f
ffffe26e
ffffe1bd
ffffd626
ffffc836
0001a19f
ffff0d9b
0000a67c
fffef43f
0000e2c4
000103a1
0000d6ca
ffff05f5
000093fd
0000aa4d
0000eb8b
0000dc08
00003a69
ffff772f
ffff0a2c
ffff9ff5
00018613
0000bbaf
0001b42a
fffff170
fffff141
ffffa2c8
ffff7a25
000139e6
00003802
ffffe83f
ffff63a0
ffffa6e7
0001b9a0
0000dbac
ffff0011
ffff4bc9
0001e843
000028c7
0000768c
ffffc9b5
0000200b
ffffad17
fffe5fcd
ffff9aac
0000a86c
fffe317d
fffedb85
ffff9486
0000fb40
000095e9
ffffe603
ffffc5b3
000014f6
0000eaf6
ffff7469
0000e44a
ffff0126
fffedbf7
0000bec7
fffeb0dc
00004aeb
fffeb8d8
ffffe440
000025cc
fffff0da
ffffee24
ffffccb0
ffff2d08
00015f77
ffffa0b9
ffff6d9f
00001b68
ffffb1af
00011b96
ffffb808
000001e4
ffff095e
00004912
ffff8d14
ffff9d5c
00010fd9
000051f8
ffff92a2
00003bba
ffff5c11
00005371
0000716c
fffe84ac
0000fe41
ffffc201
0000a925
00027c5d
00010117
000069d7
ffff2292
000095fc
00000592
00005753
ffff3fd7
00008e32
fffee3db
000003eb
00000744
00005f64
00003e9c
ffff49e4
fffe51c8
fffe512c
00006614
ffff018c
ffff999b
ffffa568
ffff6589
0000c1a3
ffff2abd
ffff0958
fffe6b09
ffff12c3
ffffed5a
00002015
0001330a
000047d8
00001178
0000b0d8
00002403
0001b289
ffff94ec
ffff7c8b
0000df10
ffffeadc
fffee55a
00003690
00015b85
0000c4cd
00005882
ffff02a7
fffedd15
fffecb52
000049ae
0000e076
00005554
00018820
ffff9fa6
fffe9862
00008aa7
ffffd254
ffff9534
000037ec
000056a3
0000c977
0000163f
00003145
0000254c
fffeb4f9
fffffe76
0000ad75
ffff25aa
fffea96d
ffffa9da
fffecbcb
ffffc850
ffff8fff
fffec58b
ffff789f
ffffb295
00008b3c
0000bcbf
fffec40c
00008ebd
0000d987
00010fd2
fffe5401
ffff2746
fffff0d3
ffff2318
fffec299
fffe72cc
00008584
fffe929d
0000f604
ffffecc3
ffffdb96
ffff66d3
00002c72
000070ce
ffff96a5
0000dc67
00005317
fffe6a06
000119fd
ffffb90c
0000bb75
000102b3
00000961
0000470d
fffed681
0000f2b5
000015fc
000202ae
000012e0
fffef849
ffff5e60
ffff4861
0000de07
fffeaf6b
00002dad
00003213
000219ec
ffff8077
00002671
fffec43f
fffffa48
00011156
fffe1bd7
ffff5050
fffef2e9
0000479e
0000660f
00001cce
fffff2cd
ffff86b7
00008250
0000a898
fffffb89
000084e8
00014c78
000034db
ffff9eaa
000040ea
fffedc5f
0000ee81
ffffb7dd
0000988a
0000b006
ffffe6d5
ffff5169
000019ac
fffef04d
0001ce21
fffe81fb
0000cee7
0000d979
00001cea
00007a01
000004cd
0000f4b4
fffe9026
fffed743
000111bc
fffffda7
0001d54a
000141ca
fffe2d0c
00003ff6
ffffe87f
0000a3be
0000eb6d
00001544
0000b197
00015446
fffedc8e
00008cee
ffff5e6d
0000525f
000172ca
ffffbbb2
ffff2a71
00005302
fffee4e3
ffff6298
00003cf7
0000b939
ffffc7f5
fffe8022
000021d1
ffff3800
ffff7b6e
000079bd
0001430a
ffff8a43
0000b6b0
fffea54b
00007464
ffff2fec
ffff3d78
00019b4b
ffff6008
ffffac43
00009ba3
ffffed58
00009bb2
fffe9beb
00010803
00006b18
000138a4
0002055f
ffffd201
fffe68db
ffff5d83
00000c0c
ffff6676
ffff621d
fffedb23
0000a1cb
fffea40b
ffff1db4
fffe2b50
00005242
00017bda
fffd83cc
00003b27
fffee645
fffed8ea
00004a72
00000920
000097ae
0001cb6e
00007e57
00006722
000104f0
00000d60
00004e5b
0000dade
0001069a
ffff9482
0000fb2a
0001816b
0000aa9d
ffff4edc
fffec1f6
ffff66c4
fffeb3ae
00006ffb
00008675
ffff6227
00011e01
fffe10f4
ffffea52
0000c73f
ffff7b8c
00018fa4
fffd8a19
00009dd9
00001f4e
00004814
00010ce7
fffebc38
ffff1bf3
00009a3c
fffef520
ffffb2e2
ffffc9d4
0000835d
ffff2af6
ffff6503
fffff175
0000e601
00001fc7
00009419
0000727d
ffff9d62
fffefeaf
ffff8c6d
fffe9afd
000015bc
0000cd47
0000bc39
fffffc40
0001aacc
ffff80d2
ffff6798
000021d3
ffffb1ae
fffe0bba
00016419
ffff12fe
fffe9698
0000b154
00006726
00001362
fffe056f
fffffaa9
00000a62
0000a572
ffffad8a
0000f64a
ffff218c
00011e04
ffffcad3
00006d8d
000062f2
0000a4e3
ffff665e
00003266
ffff2105
ffff9e96
00000fe1
fffe2e8f
fffed9ed
fffec61d
ffffd2cc
00004938
00000c83
00022de8
00000b0c
0000bb8a
0000978c
ffff0112
0000bd86
ffff4ad8
00003d01
00001dc5
00009eaa
000013b5
00003eb8
000010fa
ffff4536
0000764e
00009cb7
0001bbe2
000040d3
00013cef
00003e34
fffedef5
ffffd95e
0001191f
ffff4e2f
ffff9356
0000500b
fffe1c14
ffff11fd
00003445
ffff0813
00010046
ffff25d2
ffff5486
00003ded
ffff426b
00005e87
000040b9
fffeb7b8
ffffd272
00005efc
fffe9990
fffebc4c
ffffcedd
ffff44f7
0000c676
ffff9643
ffffcf19
000060a9
ffff768a
ffffe59f
fffd53ac
0000c10a
00000e36
ffffb945
ffff2576
000042d9
000017a5
0001a373
0000cf61
ffffa6f0
ffffdfc7
ffff93b3
ffff8b3a
fffff8df
fffe413a
0000fce7
ffffb391
00012b46
ffff2b93
0000382b
0000f566
ffff3b9b
00005632
ffff8090
ffff0660
00004517
00000f99
fffd7f82
00012b78
ffffd082
fffffaf6
00009459
00007b0c
ffffc1d0
ffffcb99
fffffbb8
fffec135
00007e24
000070db
ffff1eee
ffffe385
000034b0
ffffabd9
00009db4
0000a17b
ffffe6e2
fffffbc0
0000e44b
00001b82
0000c3ac
ffff6d74
ffff3ae8
ffff5816
fffe87a8
ffffc111
ffff2d14
ffff4d11
ffff8eca
0000c829
ffff08bd
ffff3a02
00013c66
0000112c
fffe22d9
ffff67be
00007965
ffffd015
0000e1ee
0000eddd
ffffb60c
000014af
0000bf0b
000098e4
0000c3b1
ffffcbc6
fffecbca
ffff634c
00005120
0000da8b
0000387c
000049b5
00005dd4
0000d9ca
ffffbb52
0000d88b
00006cc8
ffff906e
ffffd8f3
fffeb572
000075ea
ffffa5cf
0001c9ce
ffff05ad
00001715
00003d93
000145ec
fffed2b0
fffebf71
00018423
0000aa94
ffffac23
00011a2e
fffecb53
ffffeb96
00001bf7
ffff989b
00010c27
0001be08
ffff38c1
0000b7ab
ffff2a85
00013c36
fffec9b0
ffff1ae7
ffffc47e
ffffc8e8
0000ec4c
ffff19b6
0001624d
ffffb96e
ffffb464
000026e1
fffff1bd
ffff69c1
00005c82
0001b612
000079bc
00000a7f
fffff72f
00000ac7
ffff9f3e
fffe5edf
fffff4ad
0001227c
0000984f
0001c1d1
000053cf
fffd7c16
ffffcd13
fffff1e4
fffee599
000277d6
ffffcaa6
0000aaf8
ffff9984
00004973
0000073d
00002ee6
00011f58
ffff08ca
ffffeb42
ffffe27b
00006144
0000390b
0000ee97
000112e1
fffe3689
000017fd
00022afd
ffff9cde
000103c8
00001489
fffe4efb
ffff2b99
0000deb3
0000dcb2
ffff789b
00006994
ffff9157
ffffc47a
00013824
fffeb9ec
0001fd3d
ffffeefe
0000e5fb
ffffa170
0000a006
00010e21
00008562
0000dcc3
fffe0d5e
fffec9b2
ffff8edb
00015d32
0000702e
ffff292a
000073d8
00007a34
00003175
00006810
00013d46
00005849
fffdf78b
ffffa343
00021b04
fffed439
ffffdec2
fffe7542
ffff9016
00001dc2
fffe9684
0002243c
00004f0b
fffe9323
00009338
ffff8692
000021e7
0001f40a
fffefa01
0000c510
00018d99
0001d9d5
0000d52b
00007720
fffdf064
ffff8e11
0000e7c8
0001fd42
0000e636
ffffd76b
ffff5d4a
000083c0
000109e2
ffff8b27
ffff7077
ffffb92b
ffff2049
fffee24c
fffea164
ffffde10
000188ce
0001bf4f
00002edb
000036b5
fffe6ae6
fffe1ac5
000032d2
ffff591d
00004071
ffffeec6
000156e3
ffff9dc3
000106f5
00008e54
00015c2f
0000124a
0000f4be
000020ae
fffeb802
00011f62
00004630
0001595e
ffffe957
fffefa8a
00013e44
ffff2e43
ffff1ee6
00012e73
00024369
0000a069
ffffb093
ffff4bdf
000045b9
0000994b
00000603
00015fc0
fffe3ae5
ffffb6ea
00015a91
ffff152c
ffff19ae
ffff4f5b
fffeb8e4
0000f074
00009e3e
000093b8
ffffce11
ffffe8fb
ffffd9a2
ffff8b37
ffffbc52
ffff9b92
0000121e
0000d2b9
ffff3b04
ffffa0d1
fffff18c
0000b89c
00001286
ffff1cbf
ffffe900
fffdd9b8
ffff5433
fffefcef
ffff68a4
00009cbc
ffff9935
ffff2607
00018ab1
ffff9a08
fffee451
ffff31dd
00018eb8
ffff6bae
0000e427
fffe4ceb
00000588
00003fce
fffed078
ffffcd41
0000ec49
ffffe7c5
00004453
0001c5aa
00005741
0000ef4b
00003001
0001e09f
00005a09
000112ef
ffff8b85
00004c2e
0000e7be
ffff8b9e
ffffe9df
00008b97
ffff6c92
0000da16
00014d02
ffff7f9a
ffffb98d
ffffd885
0000b4bb
00017cf0
00009523
00006870
00015453
00021b75
ffffea99
ffff475f
ffffd997
000098f9
fffff3c0
fffee121
fffeef01
fffe8fd3
ffffb7df
0000a607
000092b2
0000672a
ffffd908
00022832
ffff8136
0000232c
000099c3
00018876
0000769a
00015a43
00008ce5
0000e2e5
00012640
ffff86e5
000049a8
0000fd58
ffffc5a0
fffef5be
00002efb
fffe9c40
0000d534
ffffc6ac
000016ee
0001cdc2
fffed4fc
00002ffe
000190f9
ffff6feb
ffff1a7d
0001667d
00025a5b
00000580
0000b2f3
000198be
0000eed7
fffda7f4
00018664
00010714
ffffeedc
ffff95e2
0000b6d2
ffff2a69
fffeebfc
ffff6d42
000077f2
000010cf
00015283
ffff35fb
0000a48d
ffffd386
ffffc988
ffff7a25
fffe32cd
0000fe9d
fffecb82
ffffcc34
ffffaebd
00002ae6
ffff4c29
ffff8bf8
fffedecb
00012ce7
ffff9283
ffffafd6
fffe90ae
0000dfc8
ffffcfea
000069e8
00005c32
0000839b
ffff42d8
ffff9c57
ffffd57f
ffffc62d
ffff3c69
000217fe
000005e9
000211a3
ffff95da
ffffae5a
ffffb66a
ffffcebe
fffec80f
ffff63b9
ffffc2f2
ffff0b74
ffff09fb
00007097
00013ff2
00002ade
0000ee6b
fffeb5f1
0000cb5b
fffe64ff
ffff1da8
ffffd3ab
ffffe6bf
ffffa55b
00019bb9
0000c9a2
00009820
0000be94
000014c3
ffff2498
ffffa63c
ffff8ee2
000197d3
00000335
0001de1e
00011410
0001d597
ffff0394
0000ecbe
00002332
0000f8ad
0000a6f5
ffff1ee4
0001372e
00012ce5
ffffe9c6
00023c5a
000148b5
0000a5b2
ffff2977
ffffe4f4
ffff2a55
000054ba
ffffb72e
00004427
0001180f
00012807
00002412
0000723b
0001fdf6
0000b123
00001275
fffff126
0000826a
00011030
00008e02
00002782
00006bbc
0000c774
fffebd59
fffed30e
ffff7c7b
ffffd640
000161e4
fffe51c1
0000d607
00006d44
0000e794
0001d69d
000086da
00011c68
ffff7b29
ffffff69
ffff50cb
ffff4df6
fffe60a3
fffeba09
ffff981d
ffff73d6
0000d3c4
0000355e
00025be3
ffff3d08
ffffc505
ffff7f8a
ffff8bca
fffef074
fffe126d
00004a5e
000094b4
ffffc164
ffffbf0f
ffff3759
fffe9d61
ffff8fc1
0000691f
ffff156a
00015613
ffff1a99
fffee13d
0000ad70
ffff3143
ffff9666
ffff5802
ffff5b6e
00002ae3
ffff4bb6
fffefdd1
ffff13e2
00007cf5
ffffe816
0000558c
0001133c
000151d5
fffdf7c2
ffffc922
ffffc57b
00011091
00000241
000066fe
ffff57b6
0000671b
ffff30b1
ffff9caf
0001a430
0000ab8f
ffff0bdd
ffff0a1a
00013e2d
00006eef
ffffafb2
ffff2581
00000008
ffff3c96
0000d7f1
ffff130a
0000e8a6
00002408
00013333
00002fb2
000080c6
000039a6
00009023
fffefeb4
ffffe048
0000596d
0000bd6f
00000686
0000a61d
ffffa240
00005c9e
000095fb
00002a22
0000f603
ffffaab7
00007350
0000351c
000066cc
00006753
fffed20d
ffff0982
00020300
000148b8
0000232d
0000071a
000038d6
ffffc5a5
000075a3
ffffc990
ffff9e46
0001c38d
ffffa036
ffff4c21
0000d97a
00001ab9
ffffdf33
0000c267
ffff62e3
000092ea
00007173
ffff0f6f
00005001
00023494
00002918
00004fd6
0001d5a6
ffffa559
fffde5b5
00004faa
fffffda5
ffff5954
ffffa081
fffff718
ffff74f5
00012130
ffffe19b
ffffdfc1
0000c21e
fffe871e
0000da97
0001029d
0001f624
000015c1
fffec865
ffff0d29
ffff52fa
ffff46b0
00009060
fffeb968
000067c0
000006ff
00027b69
0000c0e4
ffff79ce
fffe915d
0000203e
ffff9432
0000183f
ffff42c2
000060b1
0000a4d8
00004910
fffecdfe
ffff915b
0000dc8a
fffe94ee
fffee0b4
ffff19b5
0000bb9c
fffffe2f
ffff1891
ffffa0eb
ffffde55
00006abe
0000f8e7
000036a3
00004c74
0000475d
ffffd2d8
fffe5d8a
fffffb1c
00025767
00008b02
0000bab9
fffff9a2
0001491b
ffff4fa0
0001543b
fffe8fa7
ffff91d4
00009f3a
00004417
fffff854
ffff2a29
0002d7c2
0000719f
fffead07
ffff0342
ffff7b2f
ffff61a9
00007090
0001051e
00000102
000120f7
000057bc
fffee83e
ffff54fc
ffffd15c
fffe86ac
00003226
ffff8e80
000053c5
ffffe108
0001f515
00023485
fffef542
0000730c
0000290b
00004551
00002a49
ffffc5d8
fffee8d8
ffffbfa8
00009f87
fffe7aba
00015425
000038de
00004e8c
ffffe423
ffff9841
0000746c
ffff960e
0000b4af
ffffc43f
00002147
ffff6c02
fffcbba7
00010a7f
ffff538a
00009dc6
fffe83dc
000086fd
00005cf1
ffff8e53
fffdbbe5
00005a16
ffff5b41
00015760
0000264b
00008ba3
0002826a
ffffea2a
ffff1dd4
00003632
000092c8
00004127
000125ec
000051c3
ffff9f10
000041c6
fffeeef4
00005dba
000162ac
0000199e
fffe233c
ffff4157
fffe888e
ffffcacb
00000c0e
ffff47f3
00003b46
ffff639b
000099e6
ffff96cb
fffeda8a
0000ae96
00004874
00027bfb
ffffacad
fffeaa92
fffffe0d
ffff7351
00006320
fffe403d
000011a1
0000c95a
ffff36ed
ffff0d58
ffff8f50
fffe8d82
fffe4961
ffff8918
fffeff9e
00016dd7
fffee47c
ffffe207
00005637
fffe011b
00007f6c
0001d67f
fffff7fa
00003298
ffffb2a6
0000e0c5
0000be2f
ffff1c0a
00000574
ffff7323
00001347
fffe9be5
0000a8d0
00000ece
00018138
fffdfef0
ffff8a68
00006a17
0000af2a
fffe5e5a
000144cf
0000f609
fffea231
ffff2304
00016a53
0000259f
ffff9f21
0000e34c
00001e23
ffffe7b5
ffff2792
00001ebf
0000a5ab
ffffc683
fffef9d3
ffff76bc
ffffdeb4
00008c6c
ffffe316
0000b1c4
ffffba30
fffe6ce4
ffff34e8
fffe08b8
ffff93f1
0000eba3
ffff3adf
ffffbfce
ffff66f3
0000341c
ffffb41d
ffff66b6
ffffada2
0001a87a
ffffb3ba
ffffeacb
ffff80df
0000492b
ffffb923
ffff9e18
fffe66ae
ffffefb3
fffe9b43
fffe42ae
0000acd7
fffeb81b
00005a76
ffff66ab
ffffec0c
0000e5b6
ffff5957
00002f12
fffd46f9
fffe35b8
0000086b
00010500
00009bf4
ffff9c21
ffff15a6
0000cc8d
fffff847
00010c69
00018d38
ffff9b11
000098ba
00002cb5
fffeab79
00006606
00008ca5
ffffffb7
ffffe4b1
00004fdd
ffff042c
0000ef2e
fffff1be
fffe1013
ffff5549
0000e843
fffe86e9
ffff992e
fffe5628
ffffc609
00011842
0000fab0
ffff283e
fffe2b3c
ffff9fa9
0000c954
ffff6818
fffe6895
000025f2
fffeedf1
ffff506c
00003a6d
000018a8
ffff8dd4
00006e66
fffe2c59
ffffa03f
0001682a
0000f996
fffe8094
000119f1
0000dddd
ffff4bdf
00007231
ffffe16f
0000444e
ffffcdfd
fffed2f9
ffff4b82
00008ce7
00002eef
00003a71
ffffa62a
00003332
ffffdf39
0000ba2a
ffff81ba
fffeab45
00004225
0000aa14
0000606c
0000b3ec
0001af10
ffffee9f
00008db4
0000b0cf
ffff5992
ffff9caf
fffff6e1
00000363
0000ee5a
0000d1fb
0000a397
00000ad7
ffffe599
0001e22a
0000ec40
00010d49
ffff7203
fffe75a8
fffdf8b0
00005938
0002405e
00006874
00004967
00017905
ffff19a9
ffff9bc0
0000302a
ffff1a70
fffece3f
00005212
fffe0af1
ffff8e1c
ffff8c07
ffff06c6
0000467a
ffff4383
fffe753e
00007629
ffff23a9
fffee2a5
ffff9b1e
000064c8
ffff619d
ffff8e2b
fffeca05
00005ecb
00003dfe
00009347
0000b259
0000c010
00005b65
fffe237a
00002e99
ffff4109
000091e6
ffffcb60
000071ea
000176b2
00006dd6
0000b45c
000050dd
0000217c
0001bd1b
ffff1feb
ffff3f70
000099fc
fffedb51
000086cc
00016234
fffff421
fffe250c
00006bbb
ffffa24f
ffff234c
ffffb30b
000066bc
ffff56e0
ffff1793
0001f1cd
fffee4ea
ffffbb85
ffffee03
ffffd69f
ffff8355
ffffe250
000075bd
ffff51af
fffeb94c
ffffee08
000064ea
00010623
0000a47f
ffff4776
ffffabce
ffffcaae
000130d4
00004417
ffff9bba
00008c52
ffff53ed
0000e1c3
fffe9d59
fffe241f
0000104a
ffff35ed
000046df
fffe0e16
000040fd
00010adf
ffffdd8f
ffffab4f
00008195
00005fc6
000028e2
ffff83a7
ffffa9fa
000007c9
ffff2ac5
000168b0
0000bf82
0001db11
0000e5fd
0000cf71
ffffd3b5
ffff931d
fffe3efd
000149cd
00000765
ffff2f78
ffffdad8
00015970
000071e3
fffff6ea
ffffed97
fffffc2f
fffdfa0b
0001a179
ffff5d43
000036dc
0000bd51
ffffdc29
0000e1a0
0000e365
fffec3ad
ffff1ad3
00009030
ffff1482
ffffd1de
0001f5c8
00008830
0001c54e
ffff12a5
ffffd7fa
ffff6193
ffff93be
fffefce1
0001156f
ffffde48
00027844
ffff931e
00017c29
fffffa13
fffe641d
ffff9497
fffe2aac
ffff7b84
ffff807f
ffff238d
00015f6e
fffef023
00004e82
fffff687
0000a7f2
0000cb71
0000a237
000021ef
00009aec
000020f3
ffff2992
00014404
ffffdc14
fffec19c
0000964e
ffffad58
00026e4d
fffe9bd9
0000bbe2
ffff52ad
fffef7f1
000047b6
ffffdfbb
ffff7a67
0001654c
ffff7cf5
0000975c
00009f01
00003458
ffff4d4e
ffffbc55
000061c3
fffefac5
000241d0
000092f6
ffffab5a
00004a25
fffea6d2
00001af9
fffec517
0000a2e9
ffff475d
0000e732
ffff5307
ffffde5d
00002181
fffefc3b
0000edd6
ffff2d02
0000c9d1
ffff8aee
fffe4c20
00005db5
0001a70b
ffff1dae
ffffde35
00003d42
0001ab2c
00009bf0
00000017
00002557
ffff45c3
00002719
ffff9c89
00012944
0000f497
0001850f
00000f30
00000a9a
0000831b
fffef6c7
00003062
0000d11d
00000490
000074d3
00002f2d
ffff9062
ffff77b0
00014530
0000ea6e
ffff7b33
000094d7
ffff17c0
00003c33
00001b49
ffff9202
ffffc140
fffd76e4
ffff735b
0001abb3
ffff12af
0000668e
00018cc7
00007b06
ffff984e
00007679
0000293a
00003e3a
0000f347
ffff8248
ffffa51d
ffff8b37
ffff7b00
ffff2a43
0000128c
ffffc093
fffeff78
ffffe17b
00005b58
ffffe14c
0000bf24
00006ef7
ffff5395
ffffae95
000012c2
0000c9c1
ffffe370
000149b2
0000de5a
ffff7a05
ffff41ab
00006aed
ffff673f
000039c6
fffff91d
ffff48d0
ffffa91f
0000549d
00015259
ffff35af
00001fb3
0000d5b3
0000d18a
fffe972a
00001978
ffff9a2f
0000b51e
fffe6e0d
fffec143
00015aec
0001da0e
000090bb
fffff557
0001b127
fffef2f6
ffffbf6c
00009a9b
0000e1c2
fffea6a3
00013d70
000019f8
0000481e
fffff028
ffffb0af
00006c6c
00014106
fffff87e
0001170e
000096ff
000082f2
fffe79b7
0000f160
fffeebb2
ffffc280
ffffa9c8
0000d1c8
fffdb027
000018a2
fffec354
000013d1
ffffb4fb
00008bd0
ffff2b57
ffff5ed1
00009a39
000258ae
fffe78ad
ffff4ae6
ffffc2f3
00007181
fffecef4
00017280
00017967
ffffad20
ffff83bb
00007d02
00009b78
0000c75d
ffff1b80
00024375
fffeaf74
0000a458
0001f55a
fffeb037
000230eb
00003b70
00002b5e
0000df0a
0000d825
00006c17
ffffe0d4
ffffa77f
fffe7602
0000e4cb
ffff0cc6
00015b09
0000cffc
00009f3b
00000178
00003274
fffed1ef
ffff3a72
00001a73
0000d325
ffffbf89
fffe8386
fffe0ca8
0001331d
ffffcd57
00003836
0000ccd3
0001825d
ffffdc38
00007ca6
ffff691c
00004623
0001034e
00002a23
fffecd83
ffffe35b
00002376
000113b4
fffe1ee3
fffef23f
00010a2e
0000f29c
ffff2bc5
ffffb47e
ffff42be
fffe7a5a
0000c1b9
00004227
000181e4
00007d40
ffffc33d
ffff9fd3
0000597f
ffff47ca
0000092d
000098b0
0000211d
00006cd0
0001096d
00014ca8
00002ffb
00016ee4
0000a62b
fffe8c9a
0000450d
00013a9f
ffff417f
0000274c
ffffcb31
ffff3696
0000df4b
ffffd34c
ffffefb6
00004305
00014417
00003605
000060a1
00001885
ffff5539
00005b3d
fffffe65
00004b68
ffff23d0
00010780
fffe5303
0002502b
00001612
fffe1d5b
ffffc4a8
0000b528
00006ea7
0001a613
ffffcc16
00001506
ffffabc3
00020aa7
0000cdf3
fffe9d77
00017966
ffffd0df
ffff68cc
000016fe
ffffde54
00006005
000026c0
fffec4cc
ffff2460
000062b8
ffff709d
000106a7
fffedd8b
000134d6
ffff416e
ffff44dd
ffff115f
00008d3f
00001b45
00001b49
fffe881a
ffffb505
ffff9c34
0001d265
00008524
00012769
fffefb5b
ffff91bc
00016ec6
ffff09cc
0000840d
ffffea31
ffff5db8
fffee0a7
00024166
ffffc241
00001f78
ffffde41
00005e40
fffe8a9c
fffea2b9
00002da6
0000dae0
00001c6c
ffff119f
fffdc948
000071e1
0001a50b
000270e5
ffffaf83
000007c0
fffff478
0000754d
ffffd120
ffff94fe
ffff883b
fffff3c4
0000ae45
0000147e
0000b2a9
0000a8d1
fffec625
ffff4953
00015784
0000875c
00015443
00004bdd
00007bd1
000064a5
00012e50
00011a2d
ffff92ac
ffffd3a0
ffff4b63
0000efe8
fffee7dd
0000c07e
0001a342
00006b47
fffed1a7
00020839
0001624b
0000196d
fffe9fae
0000a448
ffff05e5
ffffda14
ffffa6f5
fffeb037
00023e41
ffffc3b1
0001178d
fffff19e
00002951
fffffaeb
fffde2db
ffffd9e3
00008604
fffe2563
0000528b
00010268
00004812
fffdc6b7
000098bc
0000b3fb
fffef00d
00010bb0
000029d6
ffff5e9b
fffff1aa
0002d574
ffff58c1
0000b3ca
0000ee50
0000fa9e
00003585
000033d6
ffffaaf9
00000743
ffffa55e
0000d9e4
00001a69
00013983
ffffa33b
0000e2ff
00019a56
000150fc
0001af05
fffe3d27
ffff3172
ffffa6bb
ffff99c0
ffff1ee5
000036b0
00003e5d
fffe821b
00015036
00002557
00004e81
ffffe01b
ffff35be
0000b28a
ffffa5a3
00026c9d
00010c6e
0000090a
ffff35a1
ffff60cf
00010fc2
0000bbfd
00004543
ffffdd31
00013200
ffffbdac
0000a4ff
ffff6fa3
00005803
ffffbf32
00004466
ffff8ef1
ffff10c4
ffff6ccd
000219ed
0000daee
0000ede4
0001cd94
fffe2069
fffe8a15
0000e39d
000001b8
ffff84b3
00001601
00002982
ffff9274
ffff3791
00011050
fffee6b7
ffff2e0c
00008c31
00010ae2
000142c5
fffdf014
000256ab
ffff970f
000040b6
ffffd6db
00001261
ffff70bc
ffff286b
ffff22e0
fffff558
00004d20
0000af79
000024a1
fffed5af
ffff532e
0000c80a
ffff91db
ffff8a81
0000090c
00004386
ffff0dfb
00021713
00008339
fffdf5d0
fffebf65
ffff9b34
0000e10c
0000ec73
0001f1bb
00004278
ffff60ad
0000ad9d
00010ce5
00000d06
fffd546d
000055ef
ffff0bb6
fffeed63
00009c8f
ffff83d8
ffff9d46
ffffdd6c
ffff7aaf
ffff36cc
0001ed5e
00006657
ffff0056
fffff31b
0000a563
fffdbbd1
ffffe407
0000dfaf
00011295
ffffc5f3
ffff18fe
fffed39d
ffff5bee
0000af57
0000f1a1
00007f41
0000e0f5
0001596a
00011de9
00011785
000032f0
00000119
00012f80
ffffb7d0
0000350b
fffd4be0
ffff5208
0000bba7
00002934
0000bcce
fffed1d0
fffeabb7
fffe0293
ffffb5e5
00016c2c
000030f0
ffff8321
0000249a
000068e5
00007984
fffee25b
000062e3
00015c74
fffe6f02
ffff8f7b
ffff182b
ffff74f0
000095d5
000070b6
ffff3f74
00014b07
fffea2df
fffe790a
ffffe1e6
0000b78d
00003c8d
ffff34ca
ffffcd7a
ffff7827
00003ae9
00012a25
0000cd34
00012636
fffe549b
ffff9d2d
ffff9f10
0000ba86
fffffebd
fffee975
fffe7c41
0001d0cc
fffecad5
00001a60
ffffe7c9
00012a12
ffffb6d3
000177a6
ffff518e
000006c8
fffe9851
00002e39
ffffb038
ffff687a
ffff226e
ffffe80d
000089d9
00005c96
0000bd56
00012db7
ffffd4bf
0001c5a6
ffff37b1
fffeaffb
00012646
fffebb10
fffe1432
ffff3507
0000d4b7
00008773
0000e53e
ffff93b2
ffff90e1
ffff0460
000099cc
ffff4797
0000f54e
fffffcab
0000acc8
00001d11
000053d6
fffffa9a
fffeb6dc
ffffc23e
000099a9
ffff5506
ffff7a95
00005e12
000071ef
ffff8e64
00012d6d
ffffad93
ffff155a
fffdfafa
ffffea44
fffeb8dd
fffec84c
ffffb659
0001fd26
fffe4e05
00001ddc
00007c31
ffff65dd
00011c81
0001c4d7
00002335
00018bd7
0000fc15
ffffc71b
00010692
00007c8c
ffffbe2e
000086c4
ffff3cac
0000951a
00002dc2
000090b2
fffe7f64
000064fd
000041a0
0000d893
0001d2d4
ffffde18
fffefc0f
ffffc9ab
ffffb1ab
ffff858c
0001671a
ffff066c
0000f8ba
00002b83
ffff5b63
0000eaf1
0000fa21
00015070
fffffcea
0000439b
0000afe2
ffffc01e
ffff9a54
fffffef6
ffff84aa
fffec947
fffdfb89
00013ba1
000060d6
00002b3c
0001015e
00019721
ffff6c9d
00011d67
000156a5
0000f0df
ffff09a4
000042be
0000f08f
00025f7f
ffffcf03
00007d34
fffff0d5
000024c4
000037fe
fffe85c1
ffffb191
0001240f
ffff7dcc
ffff8150
ffffec25
ffff3a13
ffff0f53
fffff7b9
0000775d
000166bd
fffe94a7
fffe8303
ffffee1c
ffff41e5
00002e06
0000524d
00001034
0000633a
00010171
00006b00
ffff59d7
ffffa9a4
00010005
0000a6f8
000079f0
ffff3092
00013b7c
00011d5e
ffff87f0
ffffa664
ffff3c88
ffffe71e
ffffaca5
00017b30
00001f75
00008455
ffffef85
ffff4df9
0000c1be
ffff9301
0000035a
00009d8d
ffff836c
000157b5
000102dc
ffff37b9
ffffa943
0000b6d1
00020e69
00013ce3
ffff9938
00018298
ffffc736
ffff06b2
0000c9b0
ffff55dc
fffda726
0000b082
ffffde66
00001e06
0001a261
ffff0254
000062ef
0000edd5
000078cf
ffff7098
000026a5
ffffe0b4
0000d226
00014f0c
0001d8ef
00000ff0
00011ddc
000015c4
0000f6ec
00001737
ffffef10
ffffb6fa
00007db1
ffffe20c
000080d2
ffffd1f6
0000b12d
ffff5853
0000729e
ffffb9dd
ffffc8e2
ffff99a2
0000f713
ffffbae2
000191aa
ffff9e48
0001c070
ffff28ad
0000c35d
ffffde72
00005cda
ffff8f79
0000c97b
fffffe9c
00005ada
ffffeb45
fffe9e6c
fffee29d
ffffb1f9
00005b38
00003ba8
fffead83
00004307
000023a1
ffff0167
ffff6719
ffff1471
ffff2922
000066be
0000ba72
000107dc
0000243a
ffff2a9d
00000922
ffff2d17
00005728
fffddc68
fffff98e
0000468c
00004c5b
000048a8
0001ca32
00000879
ffff6603
ffff34d2
ffff23fc
0000f834
ffffeea7
ffffbcb5
000088d2
ffff6e40
0000e1f6
0000d402
0001e303
0000a172
fffeb04b
0000c630
0000b6fc
ffffea5c
0001359c
00005fcc
ffffb38b
00016403
fffea543
00001cfe
00001557
0000c5ca
ffffb735
fffff3df
ffff7d5c
ffffd142
ffff65d7
0000763c
ffffa8f0
0000ea40
0000c897
ffff5a81
00006a48
ffffd466
ffff8759
00006212
ffff66bc
fffe991b
000080fe
0000e134
0000d4f2
0000ad6d
00001de9
000016a1
0000b197
fffebbca
000024eb
ffffb76c
00015757
00000bfc
fffec895
ffff295c
ffffdc3d
fffeda00
fffea31a
0001a233
00006681
0000ac37
ffffd22b
fffeecfd
00012956
00002b86
fffe9a4b
0000612e
00000f60
ffff291a
ffffb3bd
000075c8
00003268
00014c67
ffffea37
00001fad
ffffe177
ffff6e76
fffff749
ffffada6
00005113
ffff061b
00006252
ffff484f
ffffeab9
00003f83
00014809
fffea57a
fffe3f54
0000a18d
fffffd43
ffff5e47
00009ccf
ffffb2a9
0000b1e0
0000e71d
fffef575
000101df
0000c472
00011b22
ffff4c38
ffff2a97
000059a9
fffdb495
ffff3fc9
ffff8892
00017d79
00026f82
ffff6515
ffffd398
000035c6
0000c7f9
0000b935
fffde250
000125e2
0000206e
ffff52d7
ffff9219
0000706e
ffffe791
fffe447e
ffffe65f
000096cc
00009aeb
0000ce71
ffffec67
000192c1
fffff8fe
0000ab05
ffff94c6
00018d18
ffffb1aa
ffff91be
ffff0255
ffff6cef
fffe0486
00006135
0000e7a7
fffe66b0
ffff4c8d
000134af
ffffe27c
000032fa
ffff4e63
0001554d
0001fd7f
000045ca
ffff876b
000162a2
ffffe084
fffedc21
000094c1
fffffea8
00002874
00009e44
00001e32
fffe272f
00008492
ffff34da
000083c1
0001088b
fffd6a82
0000baf8
000038d3
0001690e
ffff1671
fffeaf30
fffe7d5f
ffffc60e
000022fd
00002a80
ffff3ed7
ffff579c
ffff8b89
fffff818
000032eb
fffe9fcf
ffff263d
0001da4c
000228c4
fffe7748
00005260
fffdeef5
ffff5f28
0000c217
ffffdc86
0000264a
ffff7b2f
000066b6
0000cf1f
ffff0327
ffff6d23
00001b69
ffff7ec1
ffffc7ef
fffe539b
ffffc7d1
00020461
ffffb7de
ffffbbb7
fffef265
ffff37d9
000042ca
fffff033
0000988e
ffffc718
00010789
ffff7120
0000f6fa
00010929
0001534a
fffe8fab
fffe2184
00004404
fffe5760
fffea369
ffff10eb
ffff2687
0001607e
0001df39
ffff681d
00006a3f
00011b97
00032700
000056db
00004e81
00004402
0000bae1
00009e36
fffffa44
ffff4807
ffff8c57
fffffb5b
00001449
ffff3f97
fffee6ee
ffff0c75
00000604
0000b281
fffdcb96
00007c8a
ffff3f5c
ffffcc5e
fffeb8c5
00009323
fffdc043
00001e15
fffe3395
00005762
ffffdc36
fffff186
0000f9a4
000040b2
ffffc772
00023e11
fffdf125
00009257
0000fab7
ffffb30a
0000734c
0000efdc
ffff4f7f
00000a98
fffe970b
000072b7
000189e8
ffffa8f3
fffff140
ffffeecb
0001a8a7
00000449
0001f871
00001a4b
00005b31
0000ef86
0002255a
ffff556c
0000887a
fffe5cdc
000076c6
00003a5e
0000e982
0000efe3
00028f5a
fffff5df
fffee4e3
000022cc
0000905b
00017349
ffffbc4b
ffffb8e4
00000c01
000030f6
00009165
ffffc861
ffffeb50
fffef1c0
ffff95f2
0000caa1
fffe896f
000023a8
fffed237
00009791
00010710
00004b3c
ffffcdd2
ffffa0eb
0000ff6e
ffff2dbd
000067d0
00004cbe
ffff5b75
ffffd41a
fffe1980
fffe8894
fffefeb3
0000105d
000190f8
ffff730e
00009d56
0000e3d4
ffffb15f
ffff84ee
000003c1
fffecac2
00010d84
ffff5ae9
0000e74a
ffff1923
fffe81d4
fffef47d
00012bb7
00019e0b
fffe6c45
fffed4df
fffe959b
ffff8775
ffffb9e5
0001443b
fffe7bdf
ffff6a8e
00009bf9
ffffd35c
00026fd6
fffff8bd
fffe7361
0000e94d
00003451
ffffba7d
ffff4245
0000bc57
0001f309
ffffd4d6
00016611
ffffc2d3
00018ea4
0000489e
fffffd31
0000ffa5
ffff427b
ffffa165
fffeb429
00006783
fffe876d
0000123b
ffff36f2
ffffdd12
000143ae
00006b8f
0000c241
00014abb
fffec6da
00007af0
fffe5d92
ffffa925
ffff4b57
ffff56d3
0000addd
00003bdd
0001c43d
0000328f
fffe548a
00005c4e
ffff0fda
0000bc0b
fffe92c3
ffffaad3
0000f77e
ffffb840
000030dc
fffeb40e
ffff47dc
ffff71ac
00001a56
0000728a
0000a722
ffffb89c
00007a9e
fffdd2b5
ffffc4a7
ffff4a69
00003aa7
0001e24e
00003fc2
ffff6048
ffff158c
0000e117
0001ffe7
ffff6ebe
fffe3e80
ffff79a0
00003609
0000a25f
0000a93a
ffff47ce
000064fe
0000103d
fffde935
0000f776
0000ea45
0000471f
fffd6c74
ffffc3aa
00009c4e
000038d3
00000644
ffffb09e
00018ec7
00003244
ffff7314
00009380
0000894b
00003e84
ffff4541
000260bd
ffff3040
ffff6dac
fffe644f
0000a91d
fffefc51
ffffeb95
fffea598
ffff7935
ffff09e5
0000c912
ffff5844
00020cae
ffff387c
00004568
fffee757
00015405
fffe61ee
ffffb519
0000a4f6
ffff74e2
ffffe9a0
0000a6f6
fffdcefe
0000b07e
ffff7206
0001aed1
fffeff1e
0000640c
ffffeef1
fffe1ad7
ffffb2aa
0001a1e0
fffeebf9
00006599
ffff404d
fffef5f8
00000db3
fffe3065
ffffdd67
fffe9557
ffffae8f
000083f9
0001322f
0000aff2
ffffcdf5
000034c7
ffff5a04
fffe5ab9
ffffb5bf
0001032b
ffff100b
00008704
ffffd7fe
ffff689b
fffe43a0
fffed72d
ffff185b
ffffe186
0000a660
000195e2
fffefb55
ffff4e81
00007383
ffff8981
00009816
00003830
fffe0d25
0000a0c7
0000a72a
ffffda24
0001d876
000087a7
ffff0cda
00002f60
fffed421
0000b78d
fffff50d
00011295
ffff5ac5
fffea102
000002e5
ffff8b3f
0000b3b5
fffefa00
fffe2887
000055c3
0000a333
0000c44d
fffe9c4f
fffee2ab
ffffce24
00007f28
ffffa12a
00013d31
00001ea1
000068ca
ffff1a5e
fffe7831
ffff7bf1
00018097
0000ca59
00010cba
000116e3
ffff23c1
ffff42d3
fffeacca
ffff503d
ffff3949
ffffcc22
00006895
000086e2
fffe6b97
ffffada7
ffffe6bc
ffff3658
00000e23
00002ab5
0001de56
fffeccec
00010fac
fffdd0cb
ffff9a58
ffffeca9
000012bb
ffff080f
ffff2988
ffff9e06
0000a379
0000f360
00004e5c
ffffa21f
fffffd19
fffda502
fffffa14
ffff4882
fffe55fe
ffffb9a9
0000340c
00007386
ffffd097
fffe13a3
ffff4cfb
00005d29
fffee31e
000097a5
0000d254
fffebb76
ffffcdf3
ffff0952
00015b17
0000a51b
ffffd04d
00003bb9
fffede6b
fffd8163
000223fc
0001751d
00017734
ffff685a
00014760
ffff1bc7
ffffdfd2
ffff321f
00010f60
ffff1c6e
fffeaccc
fffee3d4
fffef169
fffe827b
0000012c
00005004
0000cf75
0002314c
fffef015
fffe9751
fffecea7
00005b22
ffffe250
fffead9d
ffff8454
ffffc7e1
0000ec32
00005e3d
000047fc
00012436
fffea951
ffff2f90
ffffcd6f
00017d75
00012557
ffffd918
0000848e
ffff2d62
0001679f
00003298
ffff5c43
fffee92c
0000b51e
ffffaddd
00006344
00008c1b
0000d4c8
0001d2aa
0000846b
ffffd640
000162a9
ffff00b1
00005caa
ffff72dc
ffffed0b
ffffb3d0
ffffbcd6
0001a4c7
0001236e
fffff1ad
00016233
000039f7
ffff8bd5
ffff79a6
00001e89
0001cca0
0000323e
ffff8f21
fffe934c
ffff2300
0000f7ef
ffff1218
fffe540e
0000722d
0000cd4d
ffff145a
00014252
00018c40
000149fe
00000798
ffff8a5c
0000e034
fffff491
00017603
fffe7df5
ffffd04b
00000371
00018792
fffff89f
0000f612
00001ad3
000131c8
0000f356
ffff82d1
ffffdf3f
fffee188
fffee29d
ffff8c25
0000f17a
00022e93
fffdde9b
ffff6eec
00006021
0001537d
000203f6
fffe8ed2
00002fbf
0000ae80
0000097f
0002f48c
ffff37a4
0000864b
000066a4
000016d6
ffff259c
000230dd
0000708c
00019c21
ffffab08
0000cc8b
000106c5
00005f06
fffe2615
ffffc467
fffed599
0000c0a3
fffeba03
00011554
fffd6c5c
00001337
ffffe98d
0000d37e
fffefc69
ffff1d4e
ffff946b
0000ce4d
ffff9948
00005567
00037111
0000f6e8
ffff0a62
ffffe88a
0000c007
0000710a
ffff7bf0
ffffefd9
ffff9e23
ffff752e
fffeed72
00002214
000025ac
ffffffc1
00012db8
ffffcc16
00002350
0000c932
00013f42
fffec2d8
ffffdeb4
00004362
ffff990a
0000db28
0000f363
fffe8e21
fffe7865
000090c6
00009297
0000e09d
00008e72
0000768c
0000434b
000090bb
fffec21f
ffff26a3
ffffbeea
fffe721c
fffe07a7
00006701
fffee0c1
0000e12b
ffffd680
00008605
00000fab
0001674c
00005d4a
ffff7852
00018c84
ffff73e3
0000c3fe
ffffb188
0000daf5
ffff6939
00001550
000055f6
fffebc9c
00005b5a
00003815
ffffe8a6
00018d5b
ffff957b
fffe7de8
fffff14d
fffe65b1
00006aca
0000a58b
00004445
0000a018
ffff1186
fffe881e
ffffd125
ffffad41
000066fe
00008737
fffe9aa3
0001a772
ffffc450
ffffe7dd
fffef224
fffe5616
ffffea0a
fffeca97
ffffb32c
fffe17a1
ffffd87d
ffffa1d3
000121d2
0000fcaf
0000da4b
0000027c
00003eb4
0000837b
0001bdfc
fffd761b
0001d672
0000cfc2
0000f3bd
fffff6b2
0000f8f9
ffffd7a3
ffff49ff
fffe96ec
ffff29a5
ffff175f
ffff3590
ffff3e1e
ffffb9a7
ffff8c5a
fffee90a
00015238
ffffcafe
ffff1374
ffff7f68
ffff500f
ffff5e80
ffff8602
ffff8234
ffff8ea9
ffff9b96
0001280e
fffde749
0001ae5a
ffff01a9
fffde5b6
ffff7424
000044b9
fffeaf0f
00012da5
0000c1a5
0000b6d0
fffff041
ffff7322
000041b9
ffff7c8c
ffff3a1e
ffffe926
00014e92
0000965f
00007953
00002d5d
00017c89
00010d36
00022b3a
00003753
00006331
000080eb
000151b9
fffe95a3
fffea13d
0000cece
fffed10d
000069fc
000182b5
000042f5
ffffcf85
fffe448e
0000e56a
00008a56
ffffd92b
ffffd350
fffe8c31
fffff4cf
00007174
00017cbb
000121fe
00016469
0000a72d
fffed100
0000e970
00007790
0000e8f5
fffefadd
ffff1c49
0001898b
00001297
0000ca41
0000a2b6
ffff4819
fffea318
ffffbe3e
fffeabfe
ffffafaf
0000a80b
000004c7
0000d822
0000d32f
00002b6c
fffee472
000090d9
fffeb259
00005e24
00009c93
00005c18
ffff7e4b
ffffc709
ffff246a
000128f8
fffdd928
fffff9c1
fffe6955
fffeec50
fffec748
fffff1c2
0000869b
fffea765
ffff025f
000050b7
fffcf7e5
0000fc71
ffff0bb1
fffe9d65
00009618
ffffdf38
00006896
0000b299
0000c8c0
00010375
ffffd6a2
00001375
00002078
000002d3
00009ad4
ffff5734
000185ea
00001548
0001e269
fffeca93
0000716a
00004c9c
000073df
ffffcf1f
000127ee
ffff887e
00007afa
0000f1e3
ffffb086
ffff4ef2
fffeb2b2
fffeb1f6
0000210a
fffff354
0000602a
ffffacc2
fffee227
fffe83df
00011e0c
ffffa47c
000003d4
fffefad8
fffea3d1
00013ac0
ffff83c1
00017300
000028b3
fffda6af
00004c2d
00006e7a
ffff5bb3
ffff4f7c
0000125c
0000abe7
fffea670
ffff41cf
ffff3e5c
000078a4
ffff0cc9
ffffc790
0001e18c
00002c19
0000c5c6
fffeda4a
0000bcb4
fffef71b
ffff6fc0
ffffa111
ffff3537
0000e2da
ffffa188
ffffebdc
fffe8996
ffff9350
00008eea
ffff0db3
ffffad0a
0000e3ba
fffee4f7
ffffebfb
ffffff85
ffff9727
ffffcc72
00000f84
fffff752
00009772
fffea326
0000d021
ffff236e
00000a53
ffffaaaa
00005372
0000cb00
0000f8a0
ffff0fb5
0002612d
ffff522c
fffeb009
fffecec3
0000b51e
ffff3a36
fffe6c88
fffec488
ffff6d89
ffffff61
0000e509
ffffbe29
fffda04c
fffea9a3
ffffeeea
00002a39
0001d261
fffffd51
0000068f
00014a1e
0000f64d
0001d85e
000011c5
ffffe857
00012c8d
fffff4f8
00002ee1
0000b3ca
ffffd54e
ffff5158
ffffee9c
ffff48e5
fffff4ed
00018816
ffff77f8
ffffbbec
ffff0239
fffe83d4
ffff18d2
00005ae1
00000bbc
fffe1fe0
0001a491
ffff479b
ffffade9
ffffd364
00022b5d
ffffe1e1
0000651a
fffee37d
ffff93b1
ffffdb99
ffff515a
00005b90
fffe800d
ffff4311
00002453
ffff9632
00006a63
00014257
ffffba71
ffffc3b4
00002051
fffecf8e
000175b5
000106fa
00013c54
ffff6b92
0000161b
fffeaa93
0000a4da
00013d07
00009814
000084da
00012b31
00003897
0000453e
ffff913b
0001034e
fffe394f
0000b59b
00008e4b
00004a36
ffffe23e
ffff96b6
ffff5763
00002d1b
fffe41c9
000074d1
00007867
00014e11
ffff308b
ffff65ce
ffffe103
ffffd8aa
fffed4ad
fffe909d
00006c72
ffff261a
fffe12fd
ffffe79c
fffe25bb
fffee0f5
fffefb07
0000581a
ffffb1c2
ffff3411
fffee743
00003acd
000138ee
000189e0
00008566
0000b54c
ffffc4fe
00005730
ffff9fb7
0000d259
000034e9
fffe0c2f
ffff7d31
fffe7e5f
00007a21
0000ef07
0000ddf8
fffecd8a
ffff527e
0000692d
00005dee
fffed76c
00004475
0000a6e2
0000b33b
ffffd620
0000498b
00003770
0001f483
00009712
ffff6030
ffff0449
fffec856
ffffafc9
ffffe398
0000d1cd
ffffcf26
00003f74
0000c441
000044a2
ffffe206
fffe6265
fffe3f8b
ffff0437
0000f5e1
fffe1055
ffffbfd9
0000baba
fffff1bb
ffffb1ca
ffffa93f
000125cd
ffff6e55
ffff0a97
00002059
ffffec0f
00014238
ffff0d23
ffffa090
0000fa1a
ffff83e7
0000398e
ffffcdf9
fffee234
fffe8bc4
00009168
0000d6a9
00001394
00002069
ffff841d
00018c8c
fffeb12f
ffff6dc9
ffff9053
00015517
fffd8a0d
ffff97cc
0000663f
ffffe258
00010310
fffeeda1
00002056
ffff5ecd
fffdf808
ffffd2cf
fffeb0f8
000018f8
ffff6c44
ffff2369
000039a2
ffff1742
ffff4381
000113fe
ffff0f59
0000e5fa
ffffe03e
ffff94c9
ffffe7d5
0001f428
00003289
ffff8b1a
ffffc300
000162e7
fffed990
0000a5c7
00005c62
0000f5fd
ffffc9a1
ffff2d42
00003bfa
00004a5e
fffead6a
000121a1
00005079
ffff6c41
0000dc85
ffffdd10
000289d7
ffffe898
ffff9d7c
ffffde28
0001e15a
fffed234
ffffa822
fffe62fd
0000d3ea
0000947f
00003f02
000015c3
00003439
ffff5186
ffffd80d
ffff6f1a
ffff0d59
00014ce7
000055d2
00025ed9
0000fdcb
ffff7d0c
0000bf68
00009807
0000c1e3
00003852
ffff2fc2
0001ba10
ffffd6b0
ffff9597
fffed1ed
ffffc7f4
ffff21b2
fffdd33f
00021d73
fffe3c53
0000f6df
ffff9813
fffff859
fffef211
fffeb1b0
ffff2bae
ffffff45
ffff01ea
0000f7a5
0000f692
0000fdd0
ffffca53
fffd8c6e
ffff7c6b
00013e69
ffffcb91
ffffe69c
0000b9a7
fffe8d63
00003c7e
ffff1ee2
000031b1
0000b4fd
0000f542
00015f04
ffffa969
00007c0b
ffff6062
00010991
fffef0ac
ffff08ff
00003fe5
00007c70
fffef227
00009e02
00005191
0000516c
ffff3b40
fffe1b85
000037e7
ffffa640
000187f5
0000789d
0000cd99
ffffb690
ffff2211
ffffb7ce
0001a498
0000dee4
000057b3
0000db48
0000a537
ffffe338
00005e94
fffff4d5
ffffcd93
000037cf
00000fd1
ffff02fb
0000cda4
fffea67e
fffef4e8
ffff21b2
ffffba63
0000dce3
000191c0
00016c19
0000a379
00009dc0
0001031f
00013262
00034481
00004281
000006ed
fffff621
0001f36c
00006dea
ffff48e7
000052c2
00017eab
ffff66be
ffffd4f3
fffe9400
00031a52
fffffffb
00009a3e
00005a37
000014da
000154f4
0000a81e
ffffac36
fffff5c4
ffff9b39
00014c9f
00021b5a
ffffdeef
00005452
0000eb1f
ffff2dcd
0001a75e
ffffaca4
ffff0910
00016e68
fffebea6
00015f95
ffff7f9d
ffff8c8a
ffff340d
ffff81ab
00013597
ffff3a9f
0000e109
ffff12f8
ffff97a4
0000074b
ffff9141
00015a17
ffff91b2
fffeb2ba
00001094
0001e8d0
00003b07
00002945
ffffca14
ffffdf6e
ffff8489
ffff73ae
ffff0f28
fffeecc9
0000bfff
ffffe551
ffff8500
00016783
000043aa
0001ee91
000115cf
ffff7a44
fffe8026
ffff36a2
0000da77
000075a2
000003eb
ffffa180
0000ba6a
00011ff7
00008eed
ffffe6ce
00014963
0000abf5
fffea59e
00007a6c
fffe8df3
ffff8161
fffde9fe
fffedd6c
00009b40
00011bee
00025ee7
0000b493
00010948
000081c1
000113f9
ffff4cbf
ffff6505
fffeb506
0001122e
ffff6887
000074a9
000017d1
ffff6a4c
ffffbdb9
00003456
ffff6026
fffe94cc
0001652a
0001fb20
ffffcc8d
ffff2e0f
ffff009c
fffe980d
ffff4084
fffee21f
000080bb
00004e30
0000c122
0000ca83
ffffe8c8
ffffb387
fffff717
0000eb43
0000f77e
ffffc89b
fffea8f1
000031b9
fffdb116
000020df
00016032
00005eff
fffe01a5
fffe84c6
ffff6033
ffff9933
ffffacae
ffff7407
00007d85
0000840f
0000d153
ffff99dd
00019664
ffff8416
ffffb248
ffffcf8f
00009984
fffefc95
ffffdf82
000099cc
fffeb47b
0000e514
000118e2
ffff2b39
fffe6783
000112b0
0000605b
ffffb440
ffff43c4
ffff72ca
00004ed1
ffff3614
fffc9c74
00004b74
ffffbbf1
0000f6bc
fffea8ad
0000778e
00002e9c
fffe7d22
0001d208
ffff9aa9
0000572a
ffff4e1e
00009035
0001e306
ffffa208
00003a24
fffecaed
00011902
00004443
fffee961
ffffa4e3
0000a734
000096bd
0001b15d
000081c0
fffea61c
00005632
000073e5
ffff1b69
00009a00
ffffcbee
0000835a
fffff92a
0001306b
fffee96c
fffffd41
ffffb641
00018951
00000f90
00000d24
ffff9d32
0000325d
0000e7a4
000073df
00017135
ffffd889
ffffc237
00001c00
00000acc
00001f27
0000534d
00016391
fffea9f5
ffff680d
000020b8
fffe3a9e
ffff7466
0000bbf4
fffe8077
00005bad
fffffe0e
fffff39d
ffff1665
0000ef0e
00001504
00005991
fffed73f
ffffb4f3
fffff267
0001446d
ffffdb48
00003a83
fffffe19
ffff2c7d
ffffe4e0
000160aa
00008902
00003fd8
ffffb640
ffff1234
00005a1d
fffff6f0
0001b7a5
fffe7418
00009461
fffe805a
fffeff70
00001422
0001746c
000031e2
000058f4
ffff784c
ffffaac3
0001397e
ffff34aa
00013cb4
ffffd2ef
ffff8201
fffffc4e
00009645
ffff04bc
ffff7b26
0001749c
ffff64a3
00020178
ffff2ac7
0000f06c
0002067e
0000a757
0000b63a
fffe7564
ffff3f39
000123d0
ffff9d03
0000775d
0000c530
00002772
00000ec2
0000b525
ffffe108
ffff6447
0000873b
00008be4
fffea55c
ffff6181
ffff46ac
ffff6639
fffe65a8
fffdb5a4
0000d2e4
ffffa7c1
ffff69d8
ffff3cfb
fffec348
0000d3ea
fffe30c6
ffffe756
fffe6ca6
0000dfd6
fffdaf0a
fffe981a
00013810
fffffc60
0000154e
0001fbae
000090e7
00004f9e
ffffbb27
ffffdc92
fffffa24
ffffba13
00011b47
ffffc225
ffff9510
0000bf83
0001553a
00006c74
0000765a
0000dfcc
fffe75ae
0000748f
fffedad9
000069ce
00019bef
00004db2
ffffab66
ffff5bd1
0000002e
ffff43b2
000075db
0000da34
ffff9b76
0002c003
0000090a
fffffa0f
ffff5d1f
ffff2a47
00000688
000035bb
00023574
00014cef
00008430
ffff59b3
fffe9fbc
000000fc
fffde1d7
0000e12f
ffff950a
00004195
ffff6dcb
ffffadf2
00021311
00000a00
ffff8384
ffff7c0c
0001459d
00009e05
ffffea5a
0000c856
0000ab31
ffff1e4d
000132ba
00006984
ffff2a81
ffffd41a
fffe874c
00013989
ffff9c28
ffff9ed4
0000e8e8
ffff55af
ffff3aca
00006462
ffff8dc3
ffff88e9
ffffee3e
00003aef
000024d7
ffff27fb
ffff7c6c
000051ae
0000c3a5
fffe91d6
00008dc5
ffffa1c8
ffffc49c
ffffe013
00009052
ffff5561
00011563
0001854e
0001721f
000173ab
0001a330
fffea4d9
ffff7ff8
00003229
ffff9426
ffff2853
0000ce6f
0000cacd
00006dd4
ffff01d4
ffffafe0
0000bbe3
000098b1
00007548
0000ddc4
00001f46
fffef709
fffec2c8
00003e94
fffe3ae9
ffff9ab4
00003ef2
0000deee
00004865
ffff881a
00003458
0000cd6a
ffff33f2
ffff69f0
ffff55d9
ffffbebd
00004705
0000d03d
000020e7
00007489
fffedfb0
ffff3603
00013a5a
0000b6b7
00001fde
ffff50e6
ffffc7fa
ffff62af
fffff089
00001c6f
ffff0a2d
0000f2c0
0001781e
ffffad7e
00005a46
ffffd7d8
fffff923
fffea5c7
000012d4
ffffae4a
0000906a
00005b8d
0001099e
fffe7751
00011ac2
ffff4c50
0000fe57
ffff9c5b
fffee8ef
0000a815
00004b08
0000c389
00004386
ffffcf4d
fffedf77
fffffc94
0000bcf5
0000c765
fffe6a8c
000068a5
fffef730
0000fb94
fffe1b95
ffff33fd
000122f2
00000ca7
ffff24e0
00002792
ffffec1a
ffff2413
fffef046
00011e66
00004f1f
0001323a
0000c3a9
ffff7547
ffff8e6a
ffff8e64
00025384
fffffcad
ffff442d
fffdb5a5
ffffc503
0000da73
ffff6786
fffeb83c
000110f9
00017e7f
fffe2623
00001d8e
0000bddc
0000f7a1
00004f65
00014b26
ffff3ab7
ffff2760
00010c1e
fffee8c8
000003da
ffffbf50
fffde10e
0000c578
ffffd2b5
ffffd793
ffff9b48
ffffb43b
0000734e
00012b48
0000f99d
ffff7e6a
0001843c
0000875f
00008812
fffecf01
0001823d
000179ea
0000a9aa
00007faa
ffff57ad
fffeb644
fffebe67
ffffc3b1
0000783a
fffe7e5f
00010746
ffff3f7b
ffffae09
0000cd5d
ffff0bbd
0000e177
fffe2165
fffe77ae
fffecb8e
ffffdb31
00002b0c
ffffae4a
fffef2eb
fffffaf0
000136de
000012b9
00006df5
ffffafe7
ffffaefa
0000982b
0000e719
fffec446
0001e20a
ffff5c5f
ffff87c4
ffff0ad0
fffeb01e
0001b48f
ffff69a7
ffff2f0c
00004b4b
ffffaf20
00007ede
0000db89
0000c755
0000b55d
0000154c
000012eb
00005da9
0002263e
ffff7088
ffffc3df
ffffe562
00013b1f
00008076
000172e0
0000bea1
000074fc
0000b813
fffff122
000124c8
00008bac
ffff0119
fffef1d3
000162ec
000020a5
ffff4a94
ffff1fba
00003f2c
fffe264e
0000ec96
0000cb66
0000b0bb
0001df76
0000ec41
0000f3bd
ffff656f
00014f47
0000f74f
0000ce5a
ffffc9cc
ffff9afd
ffff9719
00002195
fffee87d
ffff51cb
fffe06b2
fffeeddd
ffffa212
ffff9f9d
0000c876
00021eb0
ffff14de
ffff0746
000100b0
ffff81a4
0000743a
ffff070b
fffe7952
fffebe1f
0000969c
ffff2a10
fffed43f
ffff3b8e
fffff1e9
ffff17d7
000040d9
ffff4b26
000048ce
00005471
fffd971c
fffe90c0
000023b4
ffff4ece
000036ca
ffffdc66
ffff18d7
ffff05e3
000081a5
00012be8
ffffe918
00003bbb
ffff513e
fffded59
ffff840b
0001726f
ffffab7c
ffff877b
000108c6
0001480a
fffffb07
00005d24
ffff94ee
ffff8d09
00008ddc
fffee0e6
ffff75a1
00013861
ffff37be
00004b09
ffffd0ef
00009de4
00002b33
ffff743f
0001f190
ffff7d69
00003b2c
ffff77de
ffffb9f4
0002cbd9
ffff51b6
ffffbd1a
ffff6591
fffef1f4
fffed0ef
ffff690a
fffe8112
00010881
ffff3aab
0000ecfe
fffdfcc4
000044b9
000052ef
00010052
000096b1
0001a930
0000f7ff
000065f1
ffff664f
ffff0f1f
fffedb8c
ffffcc57
0001e4ad
0000237e
fffec4cb
fffdf884
00015211
ffff96a4
fffddfc1
0000aab8
00009102
00005234
fffec340
00006cc7
00006716
00022b12
000057a3
ffffd96c
fffed1b6
0001108e
0000da88
ffff239f
fffff3e3
ffffb29a
0001488e
ffffae42
0000f74c
ffff28fe
ffff4aa0
00009804
ffffb34e
ffff6317
00002bba
ffffeb7a
ffff8aeb
ffffc395
00018aee
ffff365e
ffffe1c8
fffddc20
00002bdc
fffeda12
00005227
ffffa940
000060f2
fffff8a7
0001d1ea
fffe9b9b
00003037
ffff45cd
00003fc6
0001ca11
00007466
ffffa5be
0001292d
fffff145
0000a207
ffff62cd
ffffed36
0001af2b
ffff8dc1
0000e2ec
ffff5b36
00007168
fffe8e0c
fffe45da
fffe4511
ffff6835
ffff7439
00007912
000025bf
ffffeca5
ffff8399
fffffb54
000088e1
ffffa955
00000720
ffff0d91
00007dd3
ffff78e9
ffffd6c7
ffffb15e
00003380
ffffe38e
00008eb4
0000a4b0
ffffb392
00005a20
0000086e
00014711
ffffb7bd
0000347c
000077eb
0000d417
ffff6f64
000022e9
fffe6ef8
ffff88e5
00025872
ffffa8e2
00008070
fffffaeb
fffe9fa3
0000c36f
fffe8621
00000b5e
fffedeb6
fffe8e3c
ffff55da
ffff974c
ffff603f
00015b63
ffff941c
ffff6afa
ffffe2d8
ffff055a
000041d0
fffee488
00001f1d
00006240
00009cfa
fffed0fa
0001759e
ffff1bd9
ffffc9cf
0000beb1
00004a01
fffeb65b
ffff1017
ffff3f72
00004b9b
00025c3d
ffffcdb8
000075a4
ffffdfea
0000f485
00011a34
00011875
00002b60
fffea368
ffff2f44
fffeae31
00005e29
0000fad8
00017580
ffffa33f
000041e0
fffe6a32
fffeed52
0000aeb4
fffee157
ffffc4a0
0000ede2
00008ec0
00020885
0000ccae
0000c8a9
0000df0f
ffffa018
0000b6ec
00009325
ffff4c89
ffff2f2c
ffff82a1
fffef420
ffff1561
ffff211a
ffff3f18
0001f922
ffff06cd
ffffd578
0000aa4d
0000c445
fffedcd2
00003974
000183e6
ffff00a1
ffffbf4f
00009a59
ffffa420
0001827d
00013093
000035bc
00004a86
fffff938
fffefca9
000084a8
0000f351
00006e07
0001ef0f
0000be38
000091be
ffff39ec
fffed59b
fffed448
fffe7536
000272c7
00001f52
fffeea52
ffff5ff9
00008cae
ffff36c4
0001b65f
fffeae43
0000aec8
0000c6b9
00009235
00001903
00013610
ffff5d82
00005eee
fffecec0
fffffb27
fffe3876
0000f606
ffff90ae
00023708
ffffe7ec
00018f74
fffec584
fffe7640
0001ac6d
0000a288
fffecb1d
ffffce98
ffff92c9
00000ae9
000057b4
00006b9b
ffff258c
0000eeb4
ffffa6da
fffeec43
ffffc062
00003ab4
00029b76
00005a6c
fffdec93
0000458c
ffff0657
000027b6
0001ac59
ffff7c98
ffffe5c7
0000909b
ffffb7cd
00001aba
000153f8
ffff4b96
000090c6
ffff2fb5
fffe5fce
0000be82
ffff01ec
00009932
00002d73
ffffdd43
ffff3ee6
ffffa173
00001519
ffff7ca2
00000d62
00006d8a
000257c7
000105bb
ffffe022
000147aa
00016b46
0000c55f
0000e276
fffe48ab
0001645b
00007412
00002073
ffff03e9
ffff647b
00005082
ffff6736
00000514
fffe5032
00006193
0000d853
fffe900b
ffff31b8
000191dd
ffffc6ed
fffdf2c7
00011682
0000ed12
0000b68d
fffef384
fffee5c1
ffffd550
ffff06b9
00003495
fffe8bd0
ffff01c9
0001b883
00003c2e
00006e12
ffff2f4b
fffef804
ffff431b
00037cbe
ffffe55b
00002333
00012ece
ffff9bb6
ffffa65c
fffdd386
ffff4651
000165a0
00017c5c
000041a7
00017377
fffef4f6
0000ccdc
ffff4c83
fffec3ed
ffff8588
000110d5
0000e1e1
ffffac0e
00004416
00009ee0
00012246
ffffe9a2
ffff4d96
00026790
0000fbad
ffffe17f
0000caa0
ffff3c29
ffffe9b1
ffff20f6
ffffcf7f
ffff1b62
ffff8c9b
00012387
ffffe0b6
fffef49d
ffffad93
0000cf4d
00004c50
00005c03
ffff40ed
ffffaaed
000114fa
00005e38
fffff4db
000048cc
ffffff3d
0002893b
000051f4
ffff9da5
ffffd53e
ffff33f3
0000d561
ffffc87f
ffff8c4e
0001e5b1
fffe8c76
ffffa534
0001820a
ffffd57a
ffff6f81
0000338f
00011805
ffff9566
ffff0557
0000ce47
ffff3c3f
0000a064
ffff42d9
00003bb8
ffffb0f1
0000bca2
0001dd53
fffeeeb0
0001c4dd
0000a7fe
00004d7e
00009b97
ffff4edc
00013b3b
00007f52
ffff7474
00004ca8
0000676c
000155a7
000025f0
ffff9ed9
fffebdfd
00009c70
ffff3b2a
00017342
0000d610
fffff852
000010a5
0000009e
fffeafdc
fffecba6
fffff67e
0000c759
fffee477
000321ec
ffff02ec
0001a75b
0000c861
ffff30cd
000097ff
ffff32ef
fffe99ec
0000984c
00002fb3
fffebe7c
ffffc555
0000f91a
ffffe9e9
00005c4d
fffea4ed
00018cea
0001bdcf
000054e9
00002a0b
00006fc7
00015850
fffe7914
fffff2ab
ffffe4e6
fffe80fc
fffed6ba
fffec071
ffff2539
ffff368b
ffffdd98
0001c88f
fffff313
ffff1219
000120e3
0000ee86
000023ab
00009a18
fffeafea
00011a4b
00008007
000121fd
000066b7
00009521
00009849
00007808
00015329
0001336c
fffed70b
ffff7ee7
ffffa5d1
fffe4910
ffff3a79
ffff9dac
ffff714b
000048da
ffffa601
000023d2
00018772
0000e485
00023482
000074d5
ffff724b
fffe24d2
00005910
fffee1ba
00002961
ffff87fd
00008853
0000a02a
00017f75
0000daa8
00014d8b
fffdff2b
00006c0f
00016c40
ffff13c3
00012e90
ffff3678
0002846f
00012c01
ffff5287
ffffea93
ffff44ef
0000a6b4
00005cfb
ffffa069
fffec01a
00019761
ffff9c44
ffff3b2e
0001cc61
ffff400c
ffff1b6b
0001aa79
0001124d
00005869
0000a53d
00003664
00000a18
fffec667
fffe807d
ffff529c
00002433
ffffb6db
000018ea
00014425
000162d5
ffffa545
00014a4f
00005480
fffe93a9
00004ae5
00009527
ffff3269
0000b98e
00004e25
fffe3e3c
ffffa614
ffffd55c
00005fca
00004e07
ffff373b
00012b2d
0001ca9b
fffe14b2
000106a6
ffff0128
00006c1a
00000f6a
00010f92
ffff62f3
ffff2f4d
000006d6
00005c04
00010dd4
fffff732
ffff9217
fffff1cd
fffeef89
ffff2a4c
ffff1453
00014c01
ffffcdf2
00004d73
ffffa972
00003244
000065e4
0000eb36
fffeb1af
000079ca
00003f6b
ffffa20d
00018cdc
0001ca1b
ffff0e0c
fffed97f
ffff6b80
fffeba8c
ffff44ee
00014405
00008ea0
0001f1ff
00020460
ffff306e
ffffa5a9
ffff87d9
00007ed3
fffe231e
00017ac4
000076f8
ffff59e5
00002b3e
ffffd0bb
00004d8e
ffff5338
ffff33c9
ffffa47b
000039ab
fffe897f
ffff762d
ffffc8fe
0000813a
0000316e
000059fe
00016cf1
00008661
0000d7c4
00014e7f
fffdef50
ffffedd4
ffff3085
0000584d
ffffd3b0
fffeb0da
00002483
ffff5737
00014bce
0001aac0
fffebd47
ffff2ccd
ffff76c1
0001fec9
0000d46e
fffe6e76
ffff325f
00006c7c
ffffeb90
ffffce30
0001072e
ffff46dd
0000e4f5
00009eb6
ffff8c0d
00006a8a
fffffdbf
0000a2a6
0001c2c8
fffedae7
ffff0869
ffffbf85
ffffe119
ffff452c
ffff2c75
00000c7d
ffff1b4c
fffefac7
0000b828
00003e27
0001ad5d
0001554f
ffffb93a
0000680d
ffffed3c
00006cdd
0000a14d
ffff72c6
ffffc9f8
ffffd4fc
0001165f
00003e2b
ffff711b
00015698
fffffb14
0000681f
ffff9e23
fffe4d60
ffff361b
ffff7ddb
00008c24
0000d301
fffe9efa
ffff8638
000075a1
0001299a
ffff47ef
00000398
00004c82
ffff5003
fffe6987
0000240b
fffef67f
00002016
ffff962b
0000000d
0000d724
ffffedf3
0000e2b3
000067c9
0000168f
00000d60
00019e56
ffff8714
00006dc4
00001e6d
0000e423
00004c82
0000aec0
000124bc
0000aec0
0000fbb0
ffff6471
fffffe02
ffffd4e6
ffffc023
ffff1e2c
ffff3fac
00003bd7
00008fa2
ffff924e
ffff8d4b
ffff5d35
0000481a
ffff13b3
0001270a
00002831
fffe894a
000011f8
ffff7c31
00005df0
0000717e
0001c5d9
0000d134
fffef7b5
00000c1c
0000a29e
ffff9343
000027b1
0000341a
00000a03
ffff3cc9
ffff411d
ffffb930
ffffac18
ffffc018
fffea6ca
ffff9acc
fffff700
fffe3ab2
ffff7886
0000bfe6
0000b147
ffff9a2f
0001441b
ffff4eae
ffff26e4
ffffde49
ffff1c0f
00015985
000041c1
0000fb54
ffff8c44
ffffc56d
0000b90f
00021acf
000013f8
fffe32ef
00002d73
fffed951
fffefd74
0000049c
00015a86
00010b91
ffff9661
ffffadef
00001a4e
0000a5ed
fffec7bd
fffe5124
000049f7
00003e00
0000d2f8
00015dd0
000029fe
0000a006
fffeb8d7
ffff779b
fffe988a
00008a89
ffff7ce3
ffff08bc
ffffcfde
ffffcbd1
00013498
0000eeff
ffff22e6
ffffd026
ffffc9fd
ffff5ced
ffff05c4
ffff25fd
000013a6
fffe75f6
ffff9254
ffff6a73
0000261d
fffef168
0000f569
00012b49
ffffb8f6
0000a80d
0000e4cc
00010754
ffffe97e
ffff1ee6
fffffb5e
ffff40e9
0000665d
ffff5e4b
00009311
00016f65
ffffa14d
000110fe
00015047
0001c7d7
fffe986d
0000219d
fffe6067
ffff4ed6
000006dc
00005428
ffffb56a
fffff0d8
fffffb79
0000b3c6
0000cb9e
0000d5c4
ffffe306
fffeaa7a
000131ba
ffff2c6c
ffff0e93
0000511a
00004751
0001c4b8
0002a36e
ffff63ba
000045a4
ffff8659
ffff81b7
fffe95c1
ffffc3f3
00009f3c
000009b8
0000a115
fffedfbc
ffffdc3f
ffffddc2
00011c6d
ffff586a
ffffb0de
0000826f
0001052b
ffff989a
00017ea4
fffeaf66
fffee1bb
00012110
0001a9bd
00007565
00008c6e
00013db4
0002173d
0001ffc5
fffe201d
ffff949e
ffffc924
ffff867d
00002ae8
000067c2
000021d8
0000de17
fffe4f48
fffffc97
ffffb6dc
0000a5f0
0000356b
00003a55
0000ff40
00005414
00001210
00002fb9
fffed814
0000da1d
00017b80
fffe1eab
000119ea
00013d1a
0000980c
fffead8a
0000d58e
00010ab9
fffdf99a
0001eb43
ffffc486
0001fb9e
0000d4db
ffffeb21
fffe1eae
ffffeceb
0000a3c2
00013632
00004fa6
00017000
ffff73b4
ffff8ec5
fffff729
fffd066f
00028773
ffffa97a
000165f9
0000e841
ffff1f36
ffff2de2
ffff3727
0000bfe1
fffffc45
0000f814
fffed63f
00009a06
0000b8c4
ffff7ad6
0000650e
000071e8
ffffe3b7
ffffd969
fffe46db
000164bf
000198f4
0000876f
ffff1b92
ffff3c0b
00001d61
fffed32c
00028897
0001cd94
00019215
ffffb0d6
ffffa101
fffffa93
fffe312a
fffe9c7d
000019ec
fffefc6c
00010873
fffed90c
00002609
fffe60f6
fffed11e
ffffb2bd
ffffdb45
ffffc7e8
00000883
ffff280f
ffffd4b1
000118d7
0001340d
ffff33e5
ffff1c96
fffff159
0000984a
ffffc3a7
00011757
00007523
00003bf6
fffe6cc6
0002aa7b
0001e5e0
0000b6c0
00004026
ffff15d1
0001203a
fffe9ed6
fffe6cde
00007732
00002ac5
ffff6892
00001943
0000492a
ffff3aa8
fffebd8a
fffe6a95
ffff191d
0000d3f7
00012fed
000045a9
00008f41
fffeacca
ffffc4bc
000113f7
fffe5ce2
ffffb3ff
ffff33f1
00001c14
ffff653e
00001c1b
0001418e
0001b1cd
00008466
000083f7
ffffd000
0000fc46
000101b5
ffff564d
ffff41ec
00013342
00001978
ffff9a6b
00004a14
ffff515c
000103bb
ffffc780
fffecd5d
00005d7f
fffec89b
00003583
00007c72
000077ea
0000e056
ffff745b
ffff6137
ffffeef7
ffffe0a2
ffff25d6
ffffaf50
fffe2f3c
00010d9b
0001ef51
0000d10f
ffff9d7c
fffdfa5c
ffffae6c
00000330
000080dd
00010194
000057ef
0000beab
ffff724b
fffffb79
ffffed1f
ffffc904
00000604
00004ce8
fffed075
fffefd9f
ffffbedc
fffffdc1
ffff3f61
00000852
000080d9
00004e55
00000566
ffffd481
ffff41e4
ffffb3e1
ffffd763
0001c051
ffff8657
0000d1c9
fffead41
ffffc562
fffff387
fffefd0f
ffffb61f
fffe5d93
fffdff53
000141a5
0000a55e
0000a91e
ffff98af
ffff3c1b
ffffb125
00003e6c
0000a07b
00010c11
ffff3a7b
fffe9b76
ffff2f6d
0001054e
00006c87
ffff966b
00007e3e
ffffcf62
ffff30a4
ffff7841
00015e57
00004a02
ffffcd1e
00010495
00007e18
00012990
ffff36c8
00001ca1
00000eeb
ffff35be
fffe7b14
00000419
fffef3ea
00008b8c
ffff2162
0000121d
ffffb81e
0000f7aa
0000099d
ffffe873
00004477
fffe9b09
fffff920
0000f6a0
0000b87b
00008258
00003332
fffdd0a4
fffe6baf
0001840b
ffff6adf
0000c62d
ffff847e
ffff32ee
00003133
000001ea
00014a74
00005a09
00006f17
ffff5d5f
00007712
0000667a
0000a61b
0000a9dc
fffeff0e
00008ebc
0001c0f4
fffefbf5
ffffa605
ffff9c4c
0001f372
ffffc651
ffff8696
fffffdba
0001328e
0001aefd
ffff1218
ffffb46c
00003766
ffffd187
00001749
0000ceba
ffffd5be
0000e98b
ffffe65e
00006b17
ffff6fe0
00005e3d
fffdc590
ffff5d71
ffff72e4
00007152
00001fdd
00017d1f
0000c601
0000f62b
0000b49d
0000b7f9
fffefe12
ffff6940
00009573
fffef65f
000043f6
00018da6
fffef150
ffff0183
ffff904f
ffffc9b3
0000cbc3
fffec32d
ffff5981
000088be
ffff89bb
0000d94b
00009a7f
ffff275d
00006bf5
0000aca6
00007c0f
ffff9c2c
ffff0671
0000950b
ffff53c3
00010312
00014a53
0001d3b8
ffff1c99
000082eb
0000ce0c
0000382b
000047a5
00004067
ffffd037
ffff938b
ffff80f6
0000e715
0000e4bf
0000b881
0000ef44
00002cca
00015439
0000fdbe
fffe7e60
ffff5f7d
ffff5e64
fffe209d
0000484d
ffff8e8d
000028a6
00005077
000062c0
000080d3
ffff0476
00006c88
fffdfcdd
0000684f
0000a6b7
fffff710
00004515
0000228b
fffe8160
00009f28
00019f18
0000288f
00005ff2
00009649
fffe8b20
fffe44e3
fffe4e6a
ffff6db4
ffff693e
ffff7217
0000cf87
0001cc51
fffe3ec8
ffff9c0b
ffff3762
ffff2c2c
00007673
ffffe1c4
fffe3ce6
ffff1dca
fffe0978
00011733
0000709b
ffffcd5d
ffffc181
0000ac1c
fffefd15
ffff72e3
00003045
00003ebd
ffffbc73
000080f3
0001074d
fffec67f
ffffc3a1
fffe54fd
fffff97e
0000a701
fffe3dda
ffffaf6a
00009b10
fffee2b3
ffff5c69
ffffc773
ffff415f
ffff692c
fffe549a
fffd1a63
00001438
ffff9176
0001669b
ffffc0bc
0000f82c
0000b8c6
ffff9d4e
000075b2
ffffa1f9
0000f396
000042c5
000024ab
00015aed
0000f5fe
0001b684
000095c7
000117d3
00001c64
000086e2
0000433d
0000e74a
ffff4775
ffff18c7
0001258a
000047bb
ffff4c3f
00006bf7
0000a128
ffffd4aa
fffddc5e
000046df
ffff252e
ffff8a4e
ffffdc5c
00017f86
ffff99d2
00007c8c
ffffd49e
0000447a
00013c9c
ffff9ecc
0000c717
00001de6
ffff8cba
00013a6f
ffff8010
ffff3b63
000040f9
ffffa8d0
fffed39b
ffffc830
ffffadeb
00004139
0000089e
fffe6300
0001205f
ffffac2e
000057da
ffff3112
00015a90
ffff8858
000133b7
0000ad40
fffffd08
00012b54
fffee12c
fffedadc
00003b58
000085be
000138c1
fffec03b
00012c7c
ffff689c
000032d0
0000250d
ffff6913
ffffcb5e
ffffacdd
ffffea40
00001e33
ffffe06e
00000e29
ffffcf80
fffefb8f
ffff895d
00005192
ffff2555
00006f5b
ffffd818
00004577
0000659c
0000a75d
00006e8d
00004c18
ffff9a63
0001218c
fffe1c19
0000702d
0000a7b2
ffff27c8
00016ef4
ffff8a63
0001166f
000074f3
0000220a
ffff7257
0000a307
ffffc43b
ffff8509
0000b193
00011f80
00004a8e
0000ce29
00003e60
fffff589
0001157d
00007cbf
00026b0d
fffeef97
ffffd08e
0000dfb6
0001a526
ffff8e12
ffff551f
00019310
000018dd
00003c79
0000666a
0000dec1
000024b4
00002116
0000258b
0000001a
fffeedf7
0000f2af
0000f498
fffe5db6
000060c5
0000dc54
0000e5ac
0002390c
0000042b
ffff8482
ffff958c
000048d6
00001e03
00000d71
0001256b
0000b264
000064b6
00008b75
00002429
000006c3
0000b4d7
0000747a
ffff438a
ffff432e
ffffee6e
00008434
000163d4
00003dac
000079f2
00006df7
ffff9c24
0001919c
00005ee7
00002ed2
0001fb04
fffeb1a3
ffff37d7
ffff7b6a
00015403
00009480
000022a4
0000a537
0000f3ef
00004065
ffffb4a4
ffffa0ca
fffe89e6
ffffe650
ffffdff1
ffff0702
fffff179
fffffcfd
00000d92
ffffbb2f
fffe962b
0000d6f3
fffe5b74
00013e7f
ffff7463
ffffffbe
000093c2
0001c8c7
ffff372d
fffdf433
fffe80f8
fffeadd4
ffff03ab
fffe85ec
ffffc408
000025f9
ffff0a03
ffffe4f5
ffff5410
fffdc1c7
ffffffb0
ffffb0db
00001681
00004084
fffff964
fffe7668
fffeb7ce
ffffc88d
ffff4c93
0000c9fc
fffef1ad
ffffd759
00007992
fffe2248
ffff212e
00005142
ffff909a
000045b6
ffff3cce
ffffe49f
fffffdcb
ffff1994
ffffff25
ffffba81
fffe486a
0001259b
ffffae6a
000257fd
ffff97c4
000005dc
00006ed4
0001de9c
ffff7565
000063b5
fffe6e94
000077eb
ffff5040
fffef8da
ffff5d9d
ffffa47c
ffff4e91
00008319
ffffbacd
00006d6a
ffff41a8
00003883
0000f6ab
ffff1236
0000c00e
00002943
0001917c
00008607
0001fe05
0000188e
000131d6
fffee17e
00019ca4
ffff8e25
00013712
0000c9cd
fffef474
ffffa860
ffffa50f
0000bf23
fffeeb01
0000b717
ffffdf3e
ffff9acc
ffff7c7c
fffe0331
00006ef3
ffffbb19
ffffe843
fffdf810
fffdb6aa
000023fc
000038b5
ffff4584
0000c038
ffff5aa4
0000189f
00005975
00007d29
0000644a
0000dcc2
0001965f
0000c865
000216fd
fffeaf35
ffffbfbd
0000cb95
00015c4e
ffffa7f0
ffff8db9
ffff82ff
fffeef70
0001b09a
ffff515f
00007f30
ffffc497
00014fd7
ffffecd4
0000364e
ffff46a5
fffea813
000060b3
ffff74a0
fffefca4
ffff6d7e
ffffaa57
ffffeec7
00003ede
000103d5
fffee604
0000587f
000003a3
00008294
00013a6b
0001543e
00001269
00008775
00000653
0001e60a
fffeeb05
00016ea8
000010c2
00014e28
ffff8ec2
00004a6b
fffe6f4e
ffff0be2
000083d9
ffff49c5
fffffe9b
0000fe9d
fffdefb9
fffe4d4a
ffff3165
00010316
ffff7f0a
fffef92c
ffff4e29
fffd74f9
fffd63b4
00015abe
00012c3a
0001a267
fffe94af
000069a7
ffffc789
00007265
fffef671
00009791
00026ec5
fffff269
00003c69
0000e54f
ffffdbec
00018a43
0000388f
00002d0d
000169ce
fffe1015
ffff5b87
ffff58f9
0001168a
000188f4
0000c3cb
00001fae
ffff73d0
0001645f
00000fab
00001be1
00004d48
ffff9da4
ffffd404
0000b299
000017f0
ffff2c53
00011f9b
ffffd187
0000f119
00014f50
fffe4069
fffe7378
0001b8d5
fffff753
fffe8444
000073d8
0000d123
00002829
0001cc3c
000118ea
0001dae1
fffefe35
0000e8b8
000036e5
fffffe3f
0000c82c
00018141
00003e88
000141fd
00006249
00009f87
fffee269
000037a8
fffe2aab
00003660
ffffe699
fffe9293
fffe8f69
00005dd8
0000347e
0000ad7b
ffff70c0
0000e959
ffffb511
00010e7b
0000b363
ffff8302
00014ec0
00006ab1
00001981
00001db3
0000879c
00004662
000046e5
0000729b
fffecb1c
ffffb11e
000035a2
ffffd57e
000081a3
ffffeaa4
0000a2d0
00000c57
00001d97
ffffdc1c
ffffa3de
ffff8f79
000024f9
ffffdccd
fffe77cb
0000b5a8
ffff589c
fffe0d80
fffff764
ffff4c1f
fffea982
ffff780b
00003eae
0000a697
000078be
ffff809b
ffff2d64
fffeaf88
fffecc4b
0001a89b
00009648
00011ac6
00012720
fffedcfa
00004c47
00001df3
00013cb4
00008af7
0000a89f
00008ca2
000034fc
00006a1c
ffffc857
fffe859e
0000ec76
fffe4df8
ffff25d6
0000b500
00015fe3
ffff9cf4
00022ab9
0001ebd8
ffffd336
000157a3
ffffe7e9
fffe8f02
ffffd1fa
fffe78e9
00007bf9
0000535a
000066fb
ffff5240
ffffd703
00012781
000170ad
0000bfc8
00027d50
ffff43d2
fffeac95
00009a62
ffffd44a
ffffcf89
fffde490
fffeb34a
ffff137c
ffff1da6
00000996
0000c9de
ffff15e7
00006b8a
00000882
0000545a
ffff930d
ffff52c5
00003fe7
fffe9b36
fffea297
000049f1
ffff9143
ffffbad5
ffff83c0
fffe7002
fffe68da
00010a8c
ffff0860
fffed752
0001e31d
000067eb
0000daf9
ffff5b60
fffede42
ffff14d3
ffffd4bf
0000ebaf
000053de
fffe9352
0000bd3d
ffffa3d8
ffffe83b
0000693c
00012af1
0000ed4e
ffff853f
0001a36d
00000510
ffffd0b9
00004c89
0000ef80
fffeab0c
00004b17
fffee4c3
ffffd3c1
00006735
ffff43d0
fffe314a
00003c6e
ffffbcf9
ffff56e0
ffff9b0a
ffffea72
000072a3
ffffaa54
000268bc
ffff771a
ffffb178
ffff4317
ffff7f65
fffe3299
000038d4
000060e0
ffffe90c
00012e3d
00002659
ffff91a7
00001864
ffff3220
fffffb62
ffff4878
fffeab94
00000027
000047cb
00003411
ffff80b3
00005d68
0001aebe
0000345e
00001a52
000002ad
00003bf4
fffffbf3
00015d9d
ffff416c
0000537a
00010467
ffff5d20
ffffff2d
ffff220b
ffff053c
ffff4638
ffff3c50
000141b0
fffe859f
ffff1e4e
ffff8ab7
fffe0684
00004886
ffffdf2b
00006f45
ffff79ea
fffee7eb
ffffe873
fffea0d7
fffeae78
ffff77d6
0000a910
0000bddb
00007cbd
00008ef4
ffffaaab
0000fb46
00007fc1
0000f0e5
ffff7551
0001470f
ffffb465
ffffa8f8
0000992f
fffe6fe5
ffffac78
00003903
00004978
ffffa18f
00004507
0001d0f6
00004b2b
000021c3
ffffcd91
ffff3a95
fffef9c8
0001466b
ffffa7cf
fffedecb
0001d0b4
00001dc1
ffffe93d
fffe08b9
ffff2b6c
ffffaa50
00009795
0000c540
0000735c
0001e736
ffffdc86
ffffd976
00001612
00008d75
0001166d
00000ce8
00002842
00006402
00000abb
ffff1aa4
ffffcfde
0000d5d6
ffffc87a
0001fdc2
ffff15a7
0000794a
fffe7a17
fffff297
fffff4ba
000174a0
00015f86
ffff3c42
ffff66cb
00013e8d
0001e4ab
ffff7c26
0000aa13
000092f0
00007665
ffff2443
0001c13c
ffff7262
00001859
ffff3571
ffff9d13
00006bc0
00003f49
ffffb026
ffff8190
0000bd5c
000191af
ffffe5c2
000145df
0001d292
000095ca
ffff55d1
ffffeca6
000058b6
000160ee
fffee5f9
00001830
00009d0d
ffffa3b3
00006a0d
00003452
00007124
ffff928e
ffff0b08
000185a9
00005470
fffffc53
00005aee
ffffbc34
0000b38b
0000d5dc
00009a72
fffff5bb
0000379c
ffffd75d
000009e3
00000802
00001eb5
00014cd9
ffff35be
ffff26f4
ffff9c1b
00005dab
0000be4f
00008aec
ffffd550
0000685d
00012bc1
0001cad6
0000a674
000110ac
00011bf1
00003c78
0001cc82
fffef85c
ffff9f73
00012b84
00002548
0000d313
000006e6
00006ecb
ffff3c40
ffff6fd7
000212bc
ffffdd8b
00011787
0000c10e
ffffe1ce
00012969
00009d08
00024811
ffff6d92
ffff6a08
ffffb2ce
0000ae40
ffff8f0d
00017a66
ffff3539
ffffa975
00004cc0
ffff3813
ffff7f64
fffeffb8
ffffa016
00013ea8
00002979
fffe21b5
00000eb3
fffff5bc
00002c04
0000cbfb
00001c0d
ffff5f27
ffff3350
00008041
ffff70fe
ffff2d27
000188d6
ffffb7eb
fffec91a
000007f1
ffff27c0
00004933
0001616b
0000edd9
ffff9679
fffdae13
000005e4
ffffa25b
ffff446c
ffff9d0c
00008331
00000cbc
fffed05b
ffffa1f4
000042cb
00002afa
0000e6a1
ffff70ee
000150f8
fffe00a7
000054a3
ffffefca
ffffce30
ffffa24a
fffff345
0000821e
00001876
ffffe6ce
00014497
ffff8715
ffff9950
0000abb4
00018217
00000fb7
00005028
00014774
0000d16d
ffffbb41
0000efc5
ffff77a8
ffff6ae9
fffe66ed
ffffe26e
ffff5067
000100bc
00002312
00014629
ffff0ce3
fffe4a6c
ffff829d
00011d92
fffeece0
000033be
ffffa7ea
0000e775
0000714c
fffee837
ffff1454
ffffb480
0000006d
00002aab
000033e1
00013bdf
00010734
00012bbb
00019722
fffe9e1e
0001cb39
0000ba9a
ffff42e9
0000aef9
fffe6aed
0001c000
fffec99f
00006cc4
00002c76
000002f7
0000040e
00005085
0000ca99
ffffd137
000001a8
00000d35
ffff0393
fffe94fc
0001d1e0
fffec29e
ffff1067
00001058
ffff758d
ffff98ed
ffff2bca
0000a3f7
ffff8393
ffff751e
ffffd129
0000d4d7
00009065
00007607
000100c1
00006aff
00017250
ffff71e9
0000755b
fffff5f1
00002e75
ffffe3bd
00008400
00019a71
ffffb29d
00004d3f
fffe72cc
ffff8fe1
00002066
000051c0
00009625
ffff7ec5
ffff36f8
0001b9cf
ffffb104
00001996
00000fdc
ffff8fc0
fffec5cf
fffef0d7
ffffb446
00004d48
fffe0361
0000b68e
00006758
00004db0
000065f1
00009613
fffe4ccf
fffd72be
00004199
ffff4cbd
000017a2
00025b07
00003574
000128ad
ffff3909
00020271
0001f72d
00015279
0000e7ce
0002f013
000019d0
fffee4e3
ffff6026
0000a15c
00001675
0000d8a3
fffef512
00001213
fffff8c1
ffff221f
ffffdf82
0001904d
0000e14f
00009059
ffff77fd
00005cf8
ffff6b2d
fffdfb2b
0000a1a5
ffff3bfa
fffd81ef
ffff9fc3
0001e09c
0000ff5f
fffea380
fffef857
0001c3c2
00010ac3
00010808
ffff2737
00002e56
ffff31ca
ffffbfcf
ffff20e8
000076ed
0000662a
ffff1c80
ffff8ccc
00003891
0000211a
00018d2d
ffffb8d7
fffed2ac
fffe0a71
ffffd500
ffffd00c
00023631
ffffb180
fffef5b0
00005c55
fffe24ba
fffe4365
ffffaa55
00000e50
ffff6fd6
ffff4637
ffff8d7e
00021272
ffff1e1f
ffff84b8
000199d6
0001048e
00000fdf
00003be7
fffff1fa
000142a2
00027768
ffff745b
ffff0d4d
00010da2
ffff4ede
ffffd998
0000237c
ffffda22
ffff2ddf
ffffe77a
0001f61f
fffeeca2
ffffacb8
00000e95
ffff2a83
00010712
ffff2799
0000414c
ffff2c7a
0001bc3d
ffff5ec7
fffec912
00002c97
00009c01
ffff89c0
ffffa268
0000439b
000023f9
00008bfb
fffe4a6d
fffff00b
fffff2f7
0000fe1f
00006945
ffff9f59
00002559
fffea6fe
00002537
ffff7d0b
0000a6e4
000050b9
000082dc
ffff5389
00015c4c
ffff7075
ffff29f3
00023100
000096e8
ffffc5eb
000078dd
ffffcd9f
00014447
0000c710
00006892
ffff281d
ffffe41f
ffff181b
0000b77d
fffffc35
ffff137f
0000975c
00011cba
00000c09
ffff1d41
00003daf
0001d47b
0001641e
0000a00e
00007999
0000c740
0000c34e
ffff9c1c
ffff3d7b
00008237
fffe79e5
0000417e
00020612
0000f660
00004a4e
0000cecd
fffe77db
fffecd4f
fffffeab
fffe4cdf
fffe8ace
fffee01c
0000f423
ffff480e
00007c3d
ffffdedc
ffffed6e
0000abea
00002b4b
ffffe0da
00001c8e
00007629
ffff7682
0000ec2a
00008757
0000d83d
0000e125
000107bf
000050d8
0001236d
0000b9a9
0000022d
000011f1
ffffff74
0000a277
fffe98f8
000044c7
000097ac
0001c37b
00001a98
ffffb84b
000104be
fffd9cb5
00007847
0000b12c
ffff52fd
0000f1bc
ffff400e
00017218
fffedc25
00005879
00013378
000031aa
00009631
fffe9bc7
fffe7976
00003d08
00003f9b
ffffc310
0000d0e8
ffffe057
ffff170a
fffed2b1
fffe62b9
ffff3667
ffffd686
fffed48a
00004da8
ffff40c2
00005507
0001a011
ffffcf08
00006fb1
000054a6
ffff1d26
0000475a
ffff6429
ffff1a9e
ffffefc9
0000e9d7
0000a844
00000155
fffea42d
00008340
fffde45c
0000349c
ffffe210
ffffa8c3
00004d05
00003b94
0000da4f
00001c0e
fffec1f8
00004330
0000f308
00004e4f
fffebafc
00013169
0000e5e8
0000ce5d
000030a2
00016513
00011e91
ffffe0e5
0001193b
fffe7810
00009218
ffffa280
ffffdb77
ffff6d6c
0000b1b1
ffffd982
ffff2f08
0000151e
ffffe0d1
fffe64ac
ffffb1d3
ffff61cc
fffe9357
fffe4064
fffe614d
00018694
0000b3f5
fffee3a1
0000a272
fffe4457
0001033d
ffffad6c
0000c278
fffdec13
fffe97cc
fffff727
fffe2c27
000051c5
00009bb7
ffff9b16
ffffa3e4
00002072
fffe2a0c
fffed3c6
00003e08
00000683
0001143c
00008ad3
fffe8d44
ffffe8cc
0000aa70
fffefbfb
0001873c
000132b1
00008425
0000b3d3
ffff56d8
0000dfd3
ffffe6e4
ffffa20f
00008b64
ffffaf29
ffff3084
0000ed18
0000f403
00000af4
00004561
00014d03
0000540b
0000b6be
fffff88f
00001512
000025c4
fffe9a96
000042e9
00003d53
0001ca87
ffff7991
fffe63ec
0001e2da
fffee05b
ffff37ce
ffff7a1f
ffffdd3c
0000c1e0
fffe37a7
ffffce33
ffff2f81
ffff1e43
ffffdf45
000009bf
0000fd5e
0001c63f
00004d3e
0000da22
fffe018b
000047ec
0000121c
000037d2
00003bc4
ffff6ae9
0000a9c5
fffe9815
fffe61bb
00014d3e
ffffda32
ffff33d3
fffe3dbb
ffff8691
00006e17
ffffee51
000002f6
00010aae
fffe3579
fffee7de
ffff90ae
ffffb317
0000437f
fffead26
0000dd7e
ffff97f8
ffffd9d6
0001254c
ffffafc2
ffff43aa
0000572a
000036aa
fffe1ff2
000069a1
ffffa435
ffff99b1
00010878
fffe9a13
ffffcbbe
ffff2ab2
00005f97
00013018
ffff727e
00002d08
ffff78e5
ffff5982
fffeee96
ffff0948
0000e563
00005c78
ffff0736
000178ea
fffed8e7
fffda24c
ffffbb2d
ffff3e31
fffef37c
ffff4166
fffe4841
ffff32e5
ffff9e9b
ffffb179
ffff33e9
000133db
00002918
0000c007
00001ecb
ffff6957
000092f9
00009520
ffff46d9
ffff4243
0002d001
ffff965d
ffff82bf
000081de
ffff51cb
ffff3ed1
ffff810d
ffff6cfd
00006883
000168f6
ffff9ac9
00002080
ffff3559
00015bd6
ffff984c
fffff70f
0001510f
fffee923
0000a187
000014cf
0000605a
fffffa0f
00001c4e
0000800d
ffff410b
00003eee
fffe83db
ffff0e48
ffffae71
ffff4c6c
00005000
ffffcccc
0000b88d
00002f56
0001e9f0
fffe93f9
ffff711c
00001160
0000bfaa
00006614
00019d2f
ffff3330
ffff84b4
0000b0d2
00002722
0000d905
fffed5be
ffffb0ef
000056cc
000004f8
0000fa45
0000368c
00010894
00015077
0000e65e
00008daf
ffffc967
ffff737e
0000a6ca
ffff3fc7
00006f69
0000a881
ffffe07e
0000f494
fffe2b25
00003755
0000b14e
00003b9b
fffec1e3
00017409
ffffe8de
00009339
0000fe91
000121ab
ffff4374
ffffaaaa
00014980
00008df8
fffe79e2
fffe64ad
0000ddf5
fffdac5c
0000b5e4
ffff6483
00015349
ffffb73c
0001387e
ffff4efe
fffe34e3
00008a4a
ffffd4fc
ffffcc6d
ffffe904
00003fa8
ffffa757
00001d54
ffffbfda
ffffa592
ffff2587
ffff6d4b
000044bf
0000e728
fffdb862
0000b396
00012055
ffff34b0
0000961c
00002378
0000cf51
ffff006e
ffff3059
0000df76
fffe8355
ffff3f61
00005755
00004719
ffff1bce
00007311
00014fd1
0000e404
ffff7216
fffff0ba
0000f15b
ffffb8f8
00000a88
fffff479
00003efa
ffffce74
fffe9d43
00005c7f
fffed7c3
ffff06f9
ffff63b4
00000538
000081ce
ffff7f99
fffe543e
ffff8efa
ffffa229
0000df9b
000095ef
fffe7b50
00008122
0001e122
00004b9b
ffff7b3f
ffff54b2
fffe8dac
ffff9fab
00014b2c
0000ad0b
00003c82
0001534c
000015be
ffff22fe
0001069e
ffffc481
0000d890
0000cbfe
ffff9992
fffdafff
ffffd0d2
ffffe536
0000aa6b
fffea2d1
ffff9a7b
fffee533
fffe8cff
fffef3dd
0000dde5
0000bfba
ffffd30c
ffff7a8b
fffeb83f
fffeeac3
fffed102
00005f51
0000c9bf
000192d1
fffee973
ffffec4d
ffff740a
0000c81d
ffff9042
0000699a
0000c257
fffe66fd
fffe8874
000136c5
00012449
ffffeb62
00008695
ffff71b3
00009390
ffff6672
0000751a
0000044f
fffee693
fffe7248
fffefc02
fffec21b
ffff4161
fffff102
ffffaf31
fffdf4b7
ffff53f8
0000fb77
0001b317
000020ee
0000aa27
ffff3b8e
ffff8f0c
ffff7fe5
fffefe8e
0000d767
0000584a
ffff3fec
ffffd65e
ffffcc1e
00003d0a
0000ecd9
0000c37b
ffff121f
ffffca10
fffee2a9
00000dc3
fffeef3b
0000eb46
00004b9d
0000b463
00010228
00009afd
00000a8d
0000195d
00001b68
00006b1b
00017009
00002d73
ffffd050
0000d272
0001f514
000052c4
00013d8b
0000878e
fffe5306
0000efa9
00021413
00008b57
0000cef1
ffff183f
0000da0b
ffffd86f
fffe8d3c
00009457
ffffad80
fffe8db1
fffe9e70
0001779a
fffec4ba
fffe2610
00010b52
ffff0848
00004274
00009256
fffe129e
0000e7fc
fffe856e
0001fb61
000115c5
fffe64cf
fffe9458
0000a50f
ffffc2f2
00003d2a
fffedd4a
fffe0387
000076d4
0000f2af
000036a7
0000984d
00015239
000140f4
ffffb6ae
fffe6e31
00001b3a
000040e2
ffffbb35
00004abf
00012bdb
0000d71e
0000092e
0001a163
00001f84
0000d6dc
00011b3b
0000b61d
fffea3e5
ffff3e59
0001152d
00006901
00006ff3
00007035
0001afe6
00008a32
ffffd12d
ffffd9fa
00033664
000030a7
fffff892
ffffe88d
000092c2
ffff1af7
ffff84ff
fffeee7a
ffff2b08
ffff690b
0000f1f9
ffff1ef7
fffed928
ffff6a92
ffff2366
000027b0
0000575e
00005439
000150ee
fffd5c00
fffed67f
00009f88
ffff79b4
ffff92d9
fffedd1e
00009ed5
fffec9de
fffea7b4
00014f30
00001342
0000107f
ffffb098
ffffcfec
0000d1ee
ffffc65a
ffffb578
0000d153
0000d38c
ffff507b
fffea675
fffff6a9
00015f90
ffff44f0
ffff167a
ffff2e86
fffff674
fffe35bb
fffdbdba
0000ac96
00011baf
0000c2c8
ffffd0c2
fffef2f8
ffffc140
00007473
ffffff4e
ffffc12b
0000c891
00007a85
ffff6de3
fffe9220
0000b225
00010c20
ffff5b86
fffee2ee
ffffc222
ffff250e
ffffad9f
00001fe2
ffff87b3
ffff8bc3
fffe4441
fffeb79f
0000b8c7
ffffaeeb
fffefc07
000056d2
fffeb0f5
00001541
ffffc1b3
ffff4c45
ffff880e
00017ef1
fffffe41
fffef2fa
fffeffa5
ffffa7af
ffff8fcc
00005d8a
0000430d
0000ce89
00005474
00012c63
0000d5bc
0000e758
ffff0173
00007d77
000074d9
0000014c
000018a8
fffeece0
00012d73
fffe85ea
000104de
ffffeab0
ffffa523
000143a8
00003627
fffe15a5
ffff043a
0000141d
ffffc64c
00016825
fffdf021
0000a21a
000057de
00023e29
00005583
ffffb670
ffff2af1
fffe9682
00001e5f
ffffd1c4
ffffefb8
00017295
fffe6b89
00013692
ffff3c10
0000016f
ffffe907
000160c1
00001ecf
fffff37c
ffff8dcc
ffffeeee
fffee2ad
fffe1308
fffe91cd
00008ea6
ffffda2c
000077d8
ffff15d0
ffff254d
ffffcd5f
ffff427b
ffff3678
0000905e
ffffd307
ffffc2d5
ffffcb6d
ffff55b3
00019325
0000318a
fffec5fa
fffe6b97
fffe8699
fffef1db
0000c29a
00001f0a
00017a78
00002401
ffff9988
0001094c
0001a45e
fffe45d1
fffed9ff
ffffe314
000103fb
fffdf218
fffdc312
00015f36
ffff4557
ffff42a4
0001efe6
fffc5073
0000dbe7
00004434
0001638a
ffff98ae
000214c2
00023664
0001be1e
00019747
ffffeea6
00003650
0000d2cc
00009c0e
fffe56a2
00004dbd
00014b09
00001c59
ffff4260
00000367
000083ca
fffeb13a
000070bf
fffed006
00017bdc
000050f9
00006fc5
fffd50c0
ffffb121
fffee1e7
0000ba17
0000e40f
0000b3bf
fffed7c4
ffff40f2
ffffbb4c
0001a0cc
00007426
fffec701
ffff4434
0000d0c8
ffff699d
00002ebb
ffffe9d0
fffff14e
fffee397
ffff1c2b
00002c0f
ffff638c
ffff6554
000028b1
000030f4
ffffc377
ffff0fb6
fffec6e2
ffff8fe7
ffff0e93
ffffb088
ffff35e2
00020566
ffffeac5
ffffe6b3
00003a30
00012123
0000998d
ffff7ff5
00014871
00003efa
00009d06
0001074a
fffeae3e
000065f4
ffff809f
0000a6be
0000b74b
0001db53
fffff9d8
000102cc
ffff2659
00005928
ffff7d37
000155fc
ffff9e13
0001bec6
ffffa932
0000a19a
00013795
fffe4cc7
0000848e
ffff4a17
fffe79c0
000025d8
fffef18a
00002858
0001256a
00008245
ffffe339
fffe017d
fffe7e9c
00008e20
000136e7
00000569
ffff9907
ffffc6f0
ffff29ad
00000e13
ffff8c93
0000a616
ffffabf3
fffd2abe
ffff20d0
000104f3
ffffceea
ffff4db9
00004063
000125a9
00010575
00006454
0000a9e5
fffe8ba3
fffeec41
000079cb
fffd7e16
00006b11
0000f294
0000eef9
0000312d
0000828e
000142e2
ffff53df
00004669
00010cd2
ffffacf8
fffede0b
ffffd139
ffffe80b
000084a2
ffff967b
fffff5e4
fffef050
00000a54
ffff5384
00005f6f
0000e9bc
00012535
fffe1ec3
0001f9c5
00002ce4
000022a2
ffffa721
ffff0c65
0000897c
fffee355
0001866e
00009f78
000074aa
ffffa9ad
ffff4f87
0000abb6
ffffbae3
000004ed
fffe7284
ffffb988
ffffb92a
ffff7548
fffee217
fffea81e
ffffdca6
000184b7
00010f5b
ffff5e7d
00005e04
0001546f
00001f2e
00013a4c
0000cac1
0000395f
ffff922c
ffff86de
0000a937
00004bf0
0001aae5
ffff6faa
ffff8eb8
fffd538c
ffff072b
0000a1d0
000011a4
fffec348
ffff33d0
fffebe2e
fffd7398
00004e66
ffff833e
fffe1c27
ffff84d8
ffff1310
000140ca
ffff9b1e
00007021
00003124
00002e5c
000119bc
00010e54
ffffda6a
0000b3b6
0001131b
000130f4
0000c3a6
0001b50b
ffff9369
ffff0c02
00003b38
ffffea7a
ffffe273
00001f3c
0001694c
ffff6aaa
00006d65
00011568
ffff32be
0001e517
ffff946d
000065ca
0000a352
000009d6
000057ef
ffffe2a4
00010bc9
000116c3
ffff7c01
ffff902b
000145d6
0001a060
ffff9158
ffff7124
00004ba1
ffffe73b
000124b0
ffff2959
0000358f
00011bfb
000101cf
0001a6e8
ffffdf6b
fffe706e
ffff7f44
ffff83aa
fffe8f7b
00004d37
ffffb187
ffff51b3
00002ad0
ffff2dfd
00012730
ffffab0d
00006781
0000ab51
00008d11
0000df63
ffffb814
fffff5fa
ffffad30
00000cf6
00005f4b
00009ee0
ffffd3e6
0000449d
ffffecaf
00001faa
000045d2
fffdfc64
ffff3760
ffff03a7
fffeaa86
fffff23e
0001816a
00009c20
ffffe2a9
fffe50f5
00005df8
ffffbc1e
ffff42d9
00013db0
ffff856e
fffe5b36
0001144a
fffe5899
fffe48bb
0000ee3b
ffffe157
0000887d
00005fb8
0000705b
00015786
0001706b
0000df09
0000d948
ffffb3ef
0000379a
00005da0
fffe5f8d
0000050f
0000275f
00024f66
ffff3a0a
0000c4d3
000190ef
fffefa72
00017d91
ffff463b
ffff0904
ffffcb9f
00000420
00008c50
ffff4378
00005db8
00004f21
ffffb30c
ffffd29d
000099e4
fffe64f7
ffffd51a
ffffa651
ffffb7d1
00008c90
fffec470
fffeab56
00007b1d
0000f2ca
ffffbbea
fffeffe5
0000a3b6
ffff684d
00005b2e
0000b7ec
ffffd73a
ffff8544
0000529d
0000c87c
ffffdcd5
ffffaf29
000091de
000087a9
00004ad3
ffff7614
0001a49a
ffff15f3
ffff361d
00005568
fffe0bfe
ffffc00b
ffffc3c6
00007e5f
ffff1b8d
fffe748e
fffffa83
ffff6d82
ffffa75d
ffff0944
ffffbd33
ffff5038
ffffad9d
ffffff7d
000009bb
ffff233b
0000d2f2
ffffcb42
ffff308f
00008f75
0000e40b
00006ebf
fffeb051
00004b06
00008b38
00005b23
ffff7d34
0000e15c
0000898a
00002642
fffecc31
ffff820d
fffe46c8
ffffc1dd
0001f6ac
ffff463d
fffed7e0
ffff70a4
0000acd9
ffffb4e9
fffe52ea
ffff7901
0000250a
0000647d
fffebb8e
fffecfd1
fffead30
00007974
ffff7954
ffff3f8d
000068cc
ffff9542
ffffcba2
ffff4bc7
ffffcfda
ffffe994
fffde316
0001950b
ffff7927
fffec3d5
ffff49c9
ffff1438
00001174
00000681
ffffbdef
00017953
ffff723d
ffff915f
ffff9059
000011c3
fffef80c
fffdc52a
ffffde84
00004ada
ffff1cea
000089ef
0000ddd7
fffffd41
0001a9d5
ffff8b26
ffff6357
00000af1
ffffd800
ffff36c7
0000c079
ffff7554
00018aa2
00000c97
0000e2db
0001029a
00000320
fffee153
ffff8161
ffff3657
ffff9a78
00012a1b
00015290
ffff681b
0000115d
000112c5
0000d7a3
0000bd78
ffff355d
00015ca4
00009e5c
ffffe8f6
ffffb504
ffff8ac1
00006868
ffff5aa1
00008530
000246cb
000045ef
0000d111
ffff427d
00009cd3
00006268
ffff84af
00008558
fffe93cc
fffeda8c
fffe05dd
0000aab9
ffffaf7f
ffff774d
fffee505
0001a762
00026c61
ffff7a0b
0000c634
0000decc
00008931
000075bd
fffdf745
0000a460
ffff8a06
ffff3041
00005bdd
00001167
0000b1f7
0000f4e6
00028c05
0000c328
ffff877b
fffee6fa
ffff9885
00009505
0000adea
ffff80d1
00007486
000091b8
000026a0
00015ef9
fffe491a
00003142
ffff9641
ffff8319
00010feb
ffffef4f
0000558b
000005a8
0000f477
ffff3622
fffe7bd2
ffffee43
ffff9569
0000c8d9
ffff7d39
000111d9
000270f8
00010efd
fffeff16
00012ccd
ffff7fe3
0000ddf8
0000ad36
0000c510
0001b75d
00025192
0000661d
fffe5355
00007232
000031cb
fffefa7e
0000c68c
ffff49c7
0000581e
000054bc
fffecac0
ffff69d7
000012ce
ffff761c
000039b5
ffffb65a
ffffa0d0
ffff5a9c
fffee1ad
0000bdeb
00016269
0001a126
ffff808e
ffffe10e
00013eaf
0000a7f3
ffffeaa1
00001561
fffdaaa8
fffff50a
ffff6022
0000cfe5
fffe69e5
0001da57
00003e66
fffe6509
fffddc25
ffff4112
0000442b
ffff9158
0000a91d
ffffa882
00002507
00009b07
000090f7
000127d0
fffdc4c3
ffff4b80
fffef361
000146da
00008316
00006580
0001e98d
00012222
ffffe144
00012f50
000071c0
00015bde
fffefd77
0001bc3d
fffed868
00005b0e
ffff9a4d
ffffc172
000010e4
ffff1475
ffff3fd9
fffe6250
ffff09eb
fffd7e3b
ffffcbae
00007df7
fffe9e88
fffff8e2
00018ab4
0000328d
000162c4
ffffd573
ffff3a0c
ffff5eed
fffedecd
00001610
00000bb4
ffff8a5b
ffffb551
00017bd6
fffeb249
0001dc1d
ffff5128
000026a6
ffff7d8d
00021a46
ffff8f08
ffffcdad
fffe51c5
fffffbe1
fffda40d
ffffdd3a
000091cb
00004574
fffff854
00012c34
ffff22a3
00005399
00006f54
00013fad
ffff915c
ffff9ef7
0000cfd2
0000d958
fffed229
ffffc74d
ffff3042
00003871
00013b7e
00017a20
00004622
ffff9a7d
00010b84
00002ebb
0000961c
00006b95
0001abf0
000005e3
ffffc401
ffff2a60
fffebc89
0000d31d
00009859
fffe3ba8
ffffa863
fffe93b8
ffffcab6
fffecb1c
000006e7
ffff87b7
000035bd
00007c8b
00003bb3
00002225
ffff7c54
ffffa412
0000c08b
ffff573f
0000b740
ffffd9cf
00002564
ffffb9ec
000018ca
0001fe34
ffff29ae
000159d0
0001f22c
00003b90
fffedba3
ffffc0fa
fffdf920
00007949
000094bb
00015f00
fffdf955
ffffbafb
fffe46da
00009063
0000675c
ffff6745
fffe6a15
0000309d
fffeba78
ffff5183
ffff41a9
fffed0ec
00010b5a
0000c13a
ffffcf03
0000321b
0000cc2e
fffef2e1
00011800
0000cce1
fffeb80d
000089c6
000075a8
00001728
fffed0d7
ffffd2b3
fffed39e
ffff4720
ffffdad6
ffff2068
0000cb11
0000c387
fffeaea0
00012605
fffffc90
0000da84
00005e62
0000329d
0000920f
00004694
ffff710d
00017d7c
000069a1
000022cc
0001ce88
ffff6f48
0000415a
0000a50b
ffff9cbb
ffffbff7
ffff4b07
00013c11
fffe6371
ffff3389
ffff52cd
00008dc6
ffffd0af
ffffc05b
fffebc0b
ffff7295
00005560
00005004
ffff34d5
ffff75e8
fffffad8
0001eb45
ffff0bcd
0000f80f
0000527e
ffff45ac
00014f55
fffe99b5
fffeabf6
000017f6
0001ee79
fffffce3
ffffd14f
ffff9257
0001b752
ffff41de
0000ff4f
ffff0591
ffffc395
ffffc708
00003098
ffffffe2
000061c0
00008ed0
ffff2c53
00009bf3
fffeb721
ffffbce6
000141e6
ffffc496
fffde0f7
000022a2
ffff53ea
0000ec73
ffff3d25
00032756
ffffa755
fffe6d0e
00007530
ffff31ba
0000c1c5
ffff0b03
ffffd9ad
0000eddb
ffff5b68
ffff94d8
0000d734
00004cdd
0000a164
000085b4
0000f7b1
fffdcad1
ffffb9a3
0000443d
00002467
00000f78
0000ee73
fffe998e
0000f9df
0000de9d
00008d36
ffffc1b8
fffeba8f
ffff7c48
00018561
000062c9
ffffbc9e
ffffa5e1
fffeb271
fffe8422
ffff368a
ffff2e09
000027f1
ffff76ca
00009c57
00003266
00007674
0000ba99
00010a81
00004801
fffef62f
ffff2f84
0000121e
0000e61f
fffee0f2
ffff64a5
ffff2ea3
00004bf9
ffff1d15
ffffc9e8
fffd855b
ffff3347
ffff53b9
ffff9f63
0000a1e9
ffff577a
0001e58d
00011f01
00005bcd
00004697
ffff8f08
00009478
ffffd177
ffffa2a1
ffffbebd
ffff1438
00006554
ffff08b0
ffff4dc9
00015131
00000719
0000cabb
ffff365a
ffffd13c
ffffcb4b
000023a0
0000b408
fffe0b1c
ffffaac3
fffe5f0f
0000ba27
00007c65
0000fd51
ffffa869
fffd6abd
ffffffbe
0000c2ad
0002d426
00002058
ffff5bd6
ffffa61a
ffff89b5
00005a69
000110dc
00013428
ffff67eb
fffdb6bc
fffffde7
ffff4562
0000be5d
000070cc
0000065a
ffff38bb
ffff109e
00018bbd
00004d5c
00015504
fffe4f60
0000574b
ffffd1d5
00009750
fffe397a
000021ca
ffff6506
00002af5
ffff06ea
ffffa656
ffffea99
fffe7625
ffffcce5
ffffa14e
fffe1d9d
ffff47d1
0000f99e
00007d27
00005cd9
00005d09
0000c691
ffff07d5
000179ec
0000e872
fffddfad
fffe3e73
ffffa750
fffe9f23
0000b63f
0000d271
ffff5f22
0001abe5
00001e68
fffe3ee5
ffff9a3e
fffebb67
ffff20e4
ffff284c
ffff71f9
fffe0bdb
00024b41
00008dd6
00018e11
00003312
0000208a
000098c5
00000351
ffff6998
fffed255
ffffa9c6
ffffd3ce
ffff2318
ffff2ce2
ffffb62f
ffff663d
ffffd867
0001ea0d
fffe8362
ffffe41d
000168fe
ffff11e9
ffff1df0
ffff5fea
00014f2d
ffff98f7
00013f1a
ffff43ef
000049a4
00001546
fffe76b9
ffff5752
0000b012
fffefca4
000030df
fffece4a
000139ee
ffff878d
ffff9697
00001502
ffff1b56
ffffbebf
0000bb38
00013516
0000310f
fffe2412
fffeeb47
00006916
fffe6b8f
00000835
fffff209
0000533f
00014854
0000aad6
ffff4ee0
fffea8a4
ffffe9b7
00009192
ffff14cb
00002fed
00009ce3
fffdfb50
0000decf
00019de5
ffff3e77
0000e340
0001455a
fffecd0b
00008ad1
fffedc03
00005fbc
ffffd7c0
0000ff7a
ffffc383
00009671
ffffb742
0001a8f0
fffec023
ffff891c
00009191
0000a26a
000109cd
fffff4bf
ffff0bbb
00007139
fffe9a66
ffff66e0
ffffd8c6
ffff9d9a
ffff7f1c
0000b221
ffff9894
ffff4cb5
ffff9c83
ffff191c
fffe0f39
00004dd7
0000ede3
fffe90de
ffff0e07
00008c55
fffd5c3a
00020b57
000092d4
00005a5a
ffff1951
ffffada1
000015cf
00008db3
0000efc0
ffffba84
ffffd0cb
fffef259
0001974e
0000d09f
00007304
fffdf4d5
ffffeb52
00005e22
0001a66a
00004ddd
ffffa381
ffff8c12
ffff70f8
0000969f
fffff549
fffe2437
fffea5bb
ffff88a2
00001245
00010831
ffff8aae
0000bd50
fffda232
fffff261
ffffea24
0000a04b
000022dc
ffffa198
00005856
ffffe46a
00003166
00006d86
0000610b
00001d8d
ffffcd12
fffff490
000201c1
00015e08
fffdb835
ffff5ec4
00009680
ffff17ac
00000c3d
0000d152
fffe95e1
fffec31f
ffffd94b
00005bb8
00006f99
fffe8070
fffedc12
fffef6d5
0000c2be
0000c17e
0000efa3
ffffba51
000090d9
ffff95a2
0000d821
ffff9638
000136bc
ffffd052
0000d2f3
00003b23
0000603f
000030ed
fffdc87d
fffef34e
ffff9667
0000ed75
ffffe232
000147e4
00026585
ffffca33
ffff735e
00008a83
fffe78d0
00003c2a
00000cd0
0000ccca
0000624f
0000314c
0000797e
ffffd2d1
ffff3d9a
ffffc0e6
ffff0d3b
ffff8839
0001ad51
00016361
000010ba
0000f5b2
00004fd0
fffeb2c4
ffff9553
000130c4
00008bd1
00008dbf
fffe2e09
ffffab1d
fffcfab6
0000e865
fffe552e
ffff0849
00009213
ffff2595
ffff65bf
ffff0e1d
0000412d
ffffdb6c
0000606f
fffe37ca
fffef203
000032c6
ffff99ef
ffff8faa
0000b942
0000c539
000042c9
fffecbbd
000165eb
00015168
00002cb5
ffffc111
0000bd9c
ffff57d0
ffffe57e
00006caa
fffd95c1
ffff9098
0000b834
0000904d
00017022
ffff9da3
00006a50
ffff17c8
ffff1f1e
000088ec
00024a64
0000a534
0000ef2e
000051e0
ffffd44e
fffea970
0000ae89
0000fdda
000174d8
00000b51
0001928e
ffff4f9a
ffff5864
ffff80b8
ffff7fb7
ffff9b6d
000020fe
00003677
ffff86b7
ffff2cd9
0000592d
0000e5c0
fffeb71a
00003aee
ffff65bf
0000c6ff
00004695
00007d31
fffee14c
ffffc505
fffe9100
ffff77d4
ffffd78c
00018806
fffeee92
fffedad4
0000aeb5
ffffad98
00007801
ffff739e
00002605
fffec950
0000192b
ffff67df
00000f07
ffff5c5d
ffffcb7a
fffe9cd2
0000268a
ffff488f
0000b4e6
00001c83
0001d887
ffff6fc5
0001bd7d
00009b70
00008a7a
fffd2fde
fffe5511
0001adb1
ffff8fce
ffffce84
0000fd2a
ffff25e8
00006026
ffffaddc
0000f325
0001395d
ffff54ac
ffff19d4
0000933d
fffee790
0000673e
ffff164f
0000695c
ffffdd4e
0000ca1e
000137cd
ffff560c
000188cf
ffff667b
fffe78b5
0000a488
fffff216
ffff64e8
ffffcda4
000048ad
ffff0113
ffff66e6
0000224b
000037a9
0001b69b
0000242b
fffdf020
00026f8a
00000090
ffff24ae
fffda0ee
ffff8bff
ffffcd7b
fffe5b60
ffffd850
fffe9bc1
00009eac
00006091
fffeb842
ffff1d24
000032c9
ffff6944
000086db
ffffed69
00003771
ffffae9f
ffff76ef
00011dc1
0001aad0
00012f59
fffeeb37
000012b8
ffff0fd1
ffffd94c
ffffdb4c
fffe889a
000002c2
0001475b
ffffc62b
0001e44f
00008aa0
ffff07d6
fffdf1fc
ffffc997
00017196
fffef6c1
ffff67e7
ffffa037
00004795
0001077a
000188be
ffff5a31
fffe2d8d
fffdaf55
0001292e
00012d34
00007a9b
ffff22f8
ffffe073
ffff4c9e
0000b7f6
ffff6a5c
00002eba
00002398
0001c57c
00003e0c
ffff8fa9
ffff8023
00002da9
00014678
000040ef
00018048
fffeada9
00006098
ffffa7aa
ffff96c8
ffff7160
00007933
ffff9ff4
000029c7
fffffa48
ffff9599
0000af5a
0000d7e4
ffffcfe7
000001bc
ffff1cc5
00022fe6
00013dba
00007551
fffff34f
00003258
00005550
00009562
ffff9fcb
fffed4ff
ffffcd53
0000ca0b
ffff0f05
0001329a
000092dc
00002a32
fffecc10
00005846
00022e82
00011786
00012b0f
0000be6a
00010fba
fffe6837
00001b6a
fffeee96
000098cb
fffff9cf
0000d99f
00004750
0000f59a
ffff07b4
00013d0d
ffff9e0f
0000a239
fffff3ff
ffffb214
ffff3156
ffff6cca
ffffe1ad
ffff67bc
ffffb404
fffff1f1
000044ce
0000a69b
00006933
00010c76
0000d35c
00003648
ffff631a
ffffafd7
0000ae06
0000e107
0000df1a
0000154c
000015a8
00000d57
00006d75
ffffef94
00006d2a
00000de8
0000103d
fffef742
ffff6e98
00009f86
ffff5394
000081a0
ffffee22
ffff439d
0000d0d4
0000b87b
fffea6b4
ffffe343
00017c91
fffec0d9
00020a71
00005050
fffe6921
000026a8
00013d0c
fffe7b07
0000e510
00015bfe
ffff7aa3
00010c1e
ffffe298
ffffb48f
ffff482b
00006862
00007a9b
000176ea
fffda7b8
ffff81e4
0000529d
0000e0c4
ffff2a5e
ffff4b29
ffff2e49
ffff5ead
fffcf148
fffe985f
ffffed03
ffffa0b1
ffffaea0
fffee0f9
ffffc077
00005763
ffffa6ec
ffff6a28
ffff710b
ffff410f
0000c7a9
00007230
ffffeabd
ffffe98e
00002603
ffffd12e
fffcaba4
0000af2f
ffffad07
0000de0e
0000d2bf
00003525
ffffc446
000077a5
00009ab9
000170e3
ffffde94
00009d14
fffdcfee
ffff306b
ffffeb46
00006957
ffffb49b
ffff0a9e
ffff479b
00000d45
ffffe724
ffff0d96
ffff84c2
00019951
ffffecaf
0000947a
ffff57bd
000054f5
fffdc752
ffff5116
00004cd6
000026cc
fffeeb9a
00009a40
ffff09c1
000059e7
ffff22fe
0000186c
ffff982f
0000b291
ffff5b78
0000d715
fffee676
ffffabb7
00008b6b
00002a07
0000d238
00003951
00006009
fffebd35
ffff49d0
00006f70
ffffdb12
000119c7
ffff8de9
00004110
00004424
00002227
0000519f
fffff5c2
00003c3a
ffff00c9
00011bab
fffeeb24
000013a6
fffe158e
0000d2d4
000009a6
00005961
ffff4e21
fffe9319
ffff5300
00007388
0000bdb8
0000494d
00003a1a
ffff7a31
0001a9b8
0000a654
ffff24ac
ffff83c3
00016a79
ffffdf2b
fffed166
00009235
00004745
fffe2eab
ffff32c9
fffef7a1
00016bbf
0000647a
ffff5075
ffff6cf6
00019469
000246cd
000032df
ffffc2ca
00010159
0000d0d3
000127bb
00000769
ffffdf4a
fffea9a0
ffff3a3b
ffff78cc
ffff49df
0001b651
00012d13
ffffa626
00014235
fffed4e0
ffffd648
fffff678
0000b42e
000164b5
ffff318f
ffff354f
ffffba4b
00013ee8
ffff41ab
ffff5d15
ffff650c
000030f2
0001b4c8
ffff3157
fffdf1a5
ffffe261
00002c46
ffff1dd5
00007696
fffe941d
00003928
fffed4c1
ffff4a8c
ffffed5d
fffe7887
00004015
000146ad
ffff1868
fffef3cf
ffff9649
fffed064
000066eb
00005b4a
0001b606
fffe35b2
0000d8de
ffffc412
fffe43ff
0001f5aa
00000594
ffffdd70
0000657c
0000e915
0000e7c7
ffffa48d
000087b8
000048d7
0000620a
00012b7a
00013119
ffff51a1
fffeeebe
0000feb5
fffe2494
ffff7d6c
fffe6980
ffffc8d1
ffff65d0
000011c5
fffeec9d
000200d7
0000b9b2
0000bb96
ffffcab9
fffff2a6
0000629c
ffff3c18
fffec780
ffffa107
00000d9d
00006463
ffffb6c3
00004e12
ffff77a2
0000a625
000148bb
fffe3c3a
00014e90
0000b478
0001d1da
ffff5d7d
0000604d
000177b9
fffe6bc4
fffd69f4
00003986
fffeeb25
0001f8bc
00000aef
fffedbd4
00009822
00001771
00021540
00002803
ffff9940
ffffba8c
00005070
000127a0
00003366
0000d7d9
00000496
000090b3
000100e5
00012a1b
0000b9d2
00004d50
000058f8
fffe7a2b
fffead99
0000e16b
ffff6b5b
ffff19dc
ffff0dd1
ffffa32f
0001255e
ffffed3c
ffff92bb
000014ce
ffff7c34
00001fac
ffffa5f0
00000843
fffef650
ffffdc8f
0000fd26
000055a2
fffe9a87
00005862
ffff1abe
ffffb2a5
00008e7e
000089b7
00000eff
0000b4de
00008b9a
ffff5d4f
00025680
fffe957b
ffff2c4b
000117f6
0001346d
ffffc210
ffff803c
0000af45
ffff2605
fffed224
ffffcf17
fffeae2f
0000eb5a
000026ca
ffff5bd4
ffff41da
00012fca
ffff824d
fffffe92
ffffcbc8
fffe7fb3
ffff0a99
00013e14
fffff181
fffe4a50
ffff2d01
000006e0
ffffa533
0001939f
ffffcc54
ffffc7a9
ffff618a
fffda96a
fffe6430
0000a096
ffff65b8
000138b3
000022b0
fffea6aa
0000acef
ffff956c
fffebac2
00002d08
ffff7b37
ffffbd46
ffffbd7b
ffff4c59
ffff5bf8
00007cc4
0000215c
000095ab
000017ef
fffeb3bd
000081bd
ffff7478
ffff6a33
fffedf85
fffe744f
00010946
ffffc97d
000075a7
ffff9a15
00011461
00005ba9
0000c49a
0000b252
fffed7c1
ffff3c01
00001921
ffffcb77
0000ac01
ffff308b
00001f42
ffff71de
0000a1d9
ffff7fe2
000088d8
fffef0fc
000038af
0000fb09
000004ee
0000dc2a
fffede88
00009681
fffee625
0001979f
0000606b
ffff5fca
0000c7af
ffff1280
ffff1ea7
00005d26
ffff2364
00005f80
ffff795b
000022c6
ffffa154
00000201
00005c09
0000bace
ffffbfe4
ffff7577
000144f9
fffeef09
ffffe918
fffebe38
ffff13a6
0001bb79
00000c0e
ffff4260
000040a4
ffff5b47
00001f1e
00014509
0000e5d5
0000f780
ffffde17
fffeeafb
0000c7af
ffff73e8
0000553e
0001884e
ffff8742
ffff480d
ffffbc4d
ffff900b
fffe7cc9
ffffd50a
00012af9
00006040
00012792
fffe4c12
ffff8070
000006eb
0000e93f
0000264f
ffff5ae1
00003706
000036b7
ffff7d5d
00001be0
00001d12
00000687
0000d760
ffff4920
ffff406a
fffee7d4
00002e70
0001c6d5
0000176f
0000146c
ffff8b48
00001a6f
ffff965a
ffffe615
ffff74d8
0000e75d
fffffc76
00009921
00004f69
00010b37
00007b16
ffffc35a
00008a40
0001812c
ffff9c12
000075e0
ffff20be
000016d0
00005810
fffee444
0000bc34
fffffb9c
00004596
00000469
ffff183b
ffffa183
0000b7cd
ffffc3a1
000026a7
0000ef30
00017555
ffffdd98
00013997
00004e61
0000052d
fffe8b8c
00004de9
00009ed1
ffffc9c3
00002fc9
0000f71a
00002497
fffec41d
00015bbe
0000464f
0000578f
000144fd
00013f28
ffffb500
ffff5857
fffe2dca
fffe3a8a
fffe8903
fffe90e4
ffff398c
00008532
fffdd558
ffff0b13
000028ed
ffffcba4
ffff4e27
ffff54fc
fffff453
00003821
0000f49f
00017e9d
0000cee2
00002495
ffffe875
fffee130
00013db8
00017e1c
0000d415
ffffa307
00011d94
00000e9b
0000e99f
0000441e
fffeb540
0000729e
ffff26f8
fffee3ea
0000c73d
00006505
ffffb83e
0000e52f
0000426b
0000e00c
00010afd
ffff72b1
0000fee3
00008215
ffffae76
000038b3
000050d6
0002b0e3
0000938a
000072b7
ffff2e08
00007148
ffff56ff
0000cc8f
ffffdca0
ffff3264
ffffa46f
ffff5e31
0000bc70
ffff8993
ffff1d36
ffffc5eb
ffff09ac
fffec333
ffffd23e
fffef149
000152ab
00002ead
fffe917e
ffffc038
00014160
0000f6a0
fffeb90a
0000e393
0000154d
00019dec
00001162
ffffce06
0000044d
0000e308
ffff6707
000146ef
000068ca
fffeb1f7
fffda743
fffe95ec
fffdd57e
ffff2908
00008901
ffff7514
ffff3412
ffffeee5
ffff34d5
fffee83d
ffff1805
0000944e
0000e120
ffff6310
fffe8e6d
ffffbaf3
fffecc11
00015839
ffff630d
00012a85
00000107
ffff63b7
000018e6
0000561c
ffff24d5
00005135
fffe4142
0000c3ab
0000320c
ffffe840
000068b6
ffff24ab
000013e0
000103e6
ffff1ba7
fffd2684
00001a59
ffff717e
00014e04
0000614f
fffea95d
ffff01ad
fffe1b21
000074c4
ffffa44a
00017c02
ffffe4bf
00016af2
00008b86
fffecb97
fffd9fb6
000038b1
0001051a
fffe3a65
000048f7
00003b45
ffffadff
0001b7b0
00001a13
fffe9346
ffff7db9
0000361a
00018e4f
ffffbbec
00013852
fffff23a
00017e51
0000ca74
0001e0ab
ffffd020
ffff155f
ffffc119
fffff8b6
0000863f
00016e1d
fffeaeca
0000a386
ffffc4d8
000239f1
ffffac88
00005236
000072dc
000115d2
0000f2fd
0000ab24
fffe5df8
00006365
ffffc240
000054e8
ffff3cad
ffffb955
0000e333
ffff4bfb
ffff5571
fffefd4b
00014649
ffffea60
ffff5c10
00004aa8
00015f25
00013fe4
ffff36a5
0000a707
ffff7e0e
ffff94ab
0001eb90
00015ae8
ffff6ef1
ffff7b7c
0000527d
ffffe188
ffff86fc
ffffae3e
00012f82
00013de7
ffffe1ad
ffff4218
0002a7ce
fffe81d9
0000708a
00007d75
000145bf
ffffabba
00008576
0000f1e0
0001481a
fffddb72
ffff844e
ffff917c
00010c87
0001dcaa
ffff491d
fffea8b0
0001c9c3
00003414
ffff7527
fffdf28d
ffff8c3a
00004c89
ffff268d
fffeb756
00009441
ffffb82a
0000ed92
ffffa6be
fffef21d
0001c145
fffee92e
0000d67e
00006d24
fffedb22
00006911
ffffd1bd
ffff9c54
00003f59
ffff3f0b
0000b2c7
0000a243
0000e9ea
ffff8b51
fffffc2d
000190ec
0002a378
00017fbc
fffffe0e
ffff8278
0000cda4
ffff1b25
ffff4f20
0000c8f9
0000d407
0000b3a3
0000ddbe
ffff9b75
ffffa0f6
00002ea3
0001e4e7
ffff5ef5
ffff02d5
ffffe575
000160a3
fffe8ffe
000179a1
0000d298
fffe821c
ffffd995
0000e934
000031d0
000135c4
0000d8db
00012b0e
00009ece
00010440
ffff8539
fffeb5e6
0000c05c
0001f839
00005ce9
0000c973
0000566c
00006a80
ffff5eb6
ffff63dc
000189b8
ffff93f6
00009d34
fffffd71
fffdba03
ffff522b
fffe9f0f
ffffb98d
ffffd632
ffff7e4f
00001cff
00020b6c
fffe7b85
fffe8a3e
ffffe504
ffff4eb3
000062b2
ffff5fc5
000078f0
ffff0260
00004bc1
ffffe39d
00007c05
ffff06a4
ffff98f7
fffdd191
fffe8037
ffff3380
0000bd66
ffff4f2e
00007109
00016569
fffe796c
0000ccb4
ffff89bf
ffff0d81
0000aaf1
00005f07
fffede36
fffeb58f
ffffd02b
ffff931d
0000304a
fffff0e2
0000b354
00006936
ffff7239
0000610a
000010b1
00006a01
fffe9192
00015995
000071c3
ffffe702
fffec1dc
000107bb
00006118
ffff6ab3
fffe88fc
ffff6d7c
000166d8
00000046
0000485d
000030d8
fffea6b4
0000b2fb
0000b909
0000b80c
ffffa660
ffff6c7a
ffff1933
fffef911
00003ed1
ffffe013
ffff7f5a
ffff5f6c
ffff962d
0000238a
ffffd917
0001534f
00006a83
fffed288
000073fa
fffe9fa4
00008090
ffff5c24
fffdc3c7
000064ec
ffffac85
ffff2616
0000799d
fffe9dbf
ffff5b84
000136b6
00007f15
0000a50b
ffff1ce9
000259b9
ffff783e
ffffdd03
ffff1f0e
000152b9
ffffb687
ffff397d
fffee752
00005fd1
fffe9bdd
0001166b
fffe7a7a
ffff5161
ffff0157
00005603
ffff6db9
000121fe
fffff947
ffffe8be
0000f9cc
ffffafe7
fffefb38
00008fab
ffff2ac3
0000d5d9
ffff6914
ffff4ff8
ffff754e
ffffdb9e
000059fe
0000b5ee
ffffccc7
ffff486f
0000b6d1
000099f2
00021738
fffedac6
0000244f
fffe8c91
ffff3a46
ffff2a6d
00010b9a
ffffdb04
0000a8f1
0000f54e
0001d4ad
00004489
00009822
ffffdb79
0000def9
00002721
ffffe4b3
00010430
00004cc0
fffeaed5
00006ec2
ffff802a
000064d5
00012333
00005acb
00009dd8
ffff1e22
fffe98a5
0000fad6
000121dc
0000a8d3
00001eca
ffff9ef4
00010347
0000db65
ffffeb9e
000101c6
fffed40a
ffff5ae2
fffe5295
00006ed2
00005e22
00000053
00003c88
ffff3251
000112a2
ffff6f57
00010df9
0000b265
0000aa8a
fffded32
ffff5596
ffff973b
fffdc939
ffff3274
fffe52b8
ffff42f9
0001f063
fffe636d
ffff4fb4
000062ed
00002d44
ffffdae3
000129e9
00002ed7
ffffb28f
00000310
00008f48
000210dd
00004bdb
fffecccc
fffe8f57
00004cb5
ffff4f37
0000ca73
0001c5b1
0000adb6
00003b5e
fffe68fa
00001c9e
fffee89a
ffffe204
ffff4989
ffff6444
ffff8543
ffffbb0e
0000a1cf
0000ab3d
fffef85a
00003b6a
0000eb0a
ffff7921
ffff7d33
00013e21
0000f725
ffffda55
00017c4d
00006a18
ffffafd6
fffee0e9
00007760
ffffafe7
00003ea3
ffff91fd
fffe8262
ffffbe55
fffdc7a0
ffffc259
ffffc21a
000098ba
ffffd4c4
ffffbf24
ffff137a
ffff4d7a
00003cf3
00011518
0000bbce
fffe99c5
fffdf2c2
00006f15
000089cf
fffefa0b
fffedb30
fffe8496
0000c3cf
0000d92b
0000268f
000219d0
ffffd4ed
ffffdc23
0000bb8f
ffff3c52
fffff110
fffdf595
fffff486
0001040b
ffff276d
000112ba
ffffa741
0000f684
ffff9f82
00005c63
000099f5
fffed225
00002d5d
ffff4ebe
00007104
00000b2d
0000cd58
ffffcce9
0000a4bc
fffedcb9
0000e761
000016db
00003a3f
fffdaad7
00011945
ffff454b
00002257
ffff7093
000098c9
ffffafdb
0000342e
ffff6783
00012238
fffe8bef
0000a3ce
fffe627a
fffeabd0
fffe65cb
fffecda1
fffe9fb1
0000699d
00009b00
fffe2f33
00008e9f
ffff53cc
ffffd2dc
ffff2f30
fffdd8b0
0001821a
000077f3
ffff6a30
ffff4c6b
ffffdf4a
00008d10
ffff75c8
ffff28f7
ffffb300
00019163
fffebebb
0000f864
0000bd96
fffee71e
00010146
fffd5e26
ffffe72b
0000e846
0001b58b
fffe2a09
fffff46b
ffffaea0
000063f4
0001654d
00003c3c
ffff7e43
000016ed
ffffae7c
ffffb898
ffffe78c
00009c52
ffffcb1b
ffff91ca
00000cbc
ffffa77c
fffea0e5
ffff5b04
fffe3c64
ffff87ee
0000f876
ffff0dc3
ffffadd4
ffff8fcb
00013da0
ffff103e
0000b096
00011a13
fffff6c6
fffe524f
00010200
0000c2db
00006fe0
0001450f
0000b85f
0000ef30
00001d0e
ffff3c20
00016339
ffffb555
fffff24c
ffff59bf
0000cc52
fffeeec2
00005583
fffe84ed
00021480
ffff7497
ffffd636
0000f800
ffffa083
ffffcc44
0000ee1e
fffd9f8e
00001b33
0000d6f0
00005baa
ffff61e4
00015ec4
0000884b
000013a9
ffff1631
0000b564
ffff4bd9
0000b9ee
00014c4a
0000e83b
ffff3251
fffff5f2
00000707
fffe38d0
fffe7f1c
00017632
ffff180b
ffff5b73
00004ebf
fffdb767
00006224
fffe257c
0001e864
0000ce43
00017bee
ffffa957
ffff3a13
ffffafdb
ffffa36f
ffff4280
fffef518
0000ff3b
ffff2679
ffff0d48
fffff712
0001960a
fffea0f7
00007e8f
ffff8c2c
0000a71a
00020a4a
ffff6e1d
00000b8f
fffedf75
000062cf
ffffa729
0000c0fa
00008590
00005ea1
0000385d
00012b8f
ffff7bb2
ffffca36
0000d45f
00028ccb
000093c5
ffff0760
ffff1fa6
ffff78e8
000032c9
ffff4d07
000044ca
ffffea9f
00001863
0000a2dd
0000305e
ffff96fe
00009d24
ffffaa7b
0000efdb
fffdf696
ffffde9a
ffff2d5c
ffffcc3d
000061c8
ffff1548
ffff2a90
00009bcd
0000f2c2
0000887b
fffffbea
ffff3bc4
fffffc70
00017585
00005e1d
00003f01
ffffd192
fffe7052
fffe134d
ffffc047
ffffb7fc
ffff8b83
00010aae
ffffa666
fffee91e
ffff748d
ffffd6a1
00012aa2
ffff97bd
ffff8173
0000a41f
00013e7b
0000753e
fffdf5aa
0001153c
ffffdf10
0000e233
00006a4d
ffff7f49
00002fbc
0000f0a5
fffea98f
0000a194
fffebdbd
0000246a
00000c5b
0000753c
000205c8
fffeee17
ffffd372
00009f6f
fffe21a0
fffe520a
fffff94a
fffe5a13
ffff9309
ffff6c24
0000df65
ffff9d6a
fffffb95
0001532e
00010e55
ffff3a68
000002a6
0000b854
ffff7ca7
0002362f
00002a7d
fffef0e5
ffff7f77
ffff3a3a
000006f7
ffff1e23
ffffce13
00016176
fffed06c
00004925
ffffc6c6
0000bff6
fffee5e8
00005aba
fffee90d
0000630b
fffee843
0000e02f
ffff3e91
fffff0a6
00003ee5
fffeb5ae
ffffe5e1
0000854b
000284ba
00014099
0000ab50
fffefeb6
ffffa60b
ffff2b3f
000039d6
0000922d
00000015
ffffd703
fffea040
fffe3fa6
ffffd39a
0000cd27
00016dd1
00004684
00026bb0
fffedbe1
000091d7
00007fa2
ffffaddd
ffff68b7
00014371
000090bb
ffff9ef1
0000b192
000022d0
fffe6869
ffffcd48
ffff716c
00008db6
ffff5ab5
0000e12b
000007a6
000136f4
fffed8e4
00004bd1
fffde18b
ffff9c1b
000035d3
ffffefba
00005ae4
0000165b
ffffb650
ffff73e9
0000f531
fffec78d
ffff6edc
0000a75e
fffe7aaa
ffffc0c6
ffffd473
00011816
ffffe303
0001aab5
000013db
fffffcaa
ffffc149
00016889
00014134
00004618
fffffa9c
000081ea
fffebde0
0000b519
000010e1
00006913
ffff5121
ffff3df1
ffff7ccd
fffee642
0001935a
ffff16a3
00003e06
fffe1f52
ffffd9f4
00005e83
ffff1833
00007011
00006535
ffffafbc
000183f3
fffe91b7
ffffac63
ffff8aee
00017061
00001060
000032f7
0000ab0b
fffed0fe
00003a7f
fffef88a
ffff2b1d
0000ae0d
fffeff1f
000016a1
ffff70ab
0000f813
000102d3
fffff20b
000052e0
fffecef0
fffea4ea
0000d83e
0000a905
fffd5480
00015bec
0000550e
00015fc7
0001648f
00005fc3
ffffa680
000109a3
000010a9
00006cce
ffffe0a5
00000e30
ffffc31d
ffff6904
000029e0
000268be
0000d285
0000bd06
00005193
0000e881
00000c20
000198b3
fffe8442
00001c02
fffe5480
00017928
00006954
fffedf3a
fffedd6f
0001a2a4
00007cd8
ffff86cb
fffecce8
ffff90b1
ffffc648
ffff8eca
000156e1
0001d4b4
000101cd
ffff8849
ffff102f
fffee468
0000e051
ffff5ddd
00003f85
00007d59
00008343
000159c6
ffff8b9b
ffffe7f4
0000bcd2
0000a01e
fffe790d
00001518
ffff3a83
ffffdf8a
fffdcb9f
fffe8020
ffffdd62
00005a0e
ffff681a
ffffcc39
fffebe94
ffffff3b
fffeca67
ffffd575
0000445a
fffff0f5
ffff3178
ffff10db
fffe4f7d
00005ef5
00005506
ffff7d6a
ffffb532
00013b95
000038bd
0001f55b
fffe43f5
0000ab20
ffff6dc8
ffffd20c
fffd7ede
ffff6092
ffff8136
00021359
0000a1bf
fffefca7
fffe2605
000090f0
ffffc8ad
fffedcbf
fffffb78
00003f3a
00004860
0001d1b5
00003c06
00001213
ffff8ab0
00000e37
fffff40b
00007df6
fffe6732
00017adf
ffff06cf
00008a25
00013e9b
ffff1036
fffef2a5
00001310
0001780f
ffff601f
00009239
0000f80b
00004ab6
00014a0f
fffec133
000099f8
ffff7f7d
00003a11
fffff4e6
00016aa0
00006724
ffff6e5f
000003f1
0000b2da
ffff90dd
00007622
00002247
00019017
ffff123f
ffff0db4
0000810d
0000926b
0000bc44
00007929
fffe18ec
ffffe064
0000bdca
ffff542a
0000831f
0000e435
0000805e
00008cd2
00003083
000047f4
0001357f
0000237b
00005322
0000e5a3
fffea25d
ffffa97b
ffffce45
ffffdd93
000014ca
fffff538
00008c03
ffff01b8
fffde863
00008cc0
fffff6f6
ffff5e00
000012f0
00002e20
ffffb1fd
fffe91da
000097eb
fffed963
0001b9a8
00012333
ffff9aa0
ffff2955
0001c681
00000f72
ffff08d0
fffd9fa0
00000c2c
ffffc2e7
00016927
00000d59
ffffd000
00005fb3
ffffefb2
fffe3a1b
0000bed9
0000a5f2
ffff5323
fffff7d6
0001f5d4
0000a1e7
00009f8a
fffea5f2
ffff2c46
00001527
fffc2b4a
ffff8b93
ffffd9c5
fffdde91
00002ae1
ffff2a21
00008ead
0001536d
0002a959
ffffe933
0000adc7
fffec54d
0000f68a
00016074
fffffd89
ffff68e1
ffffa83f
0000f44d
0001d21c
00003403
0000ab96
0001898c
ffffa739
ffffbd32
00019885
fffe5290
00004386
ffff8d49
ffffa8f2
000070ab
ffffc66a
ffff8570
000076fb
00013794
00008178
fffefeea
fffeb6a6
fffea13f
0000dada
000064bf
00011790
ffff9cc6
fffef142
0000c482
000016bc
000064fd
0000185d
ffff719f
00011f6e
0000296d
ffffc3b9
ffffe1fe
0000d325
ffff96d9
00002b1f
0000609a
ffff64bd
fffe3066
fffeaa86
fffea264
000057a0
0002ae04
0000c5b2
fffffb6c
000030bc
00007e09
00012d79
00000c35
00000cbc
0000db60
fffffe30
0000d985
fffecae3
0000d9da
ffffe715
ffffb666
fffefde8
fffecc0d
00003b7e
000051c4
ffff374d
ffffc7d8
ffffe8da
fffff2bc
0001652a
ffff8b6a
000038b9
ffffc3e5
ffff94df
00004151
0000818a
0001272d
fffe8360
000067a1
ffffeabc
ffffeacd
0000497a
fffe2761
ffff2baa
ffff7112
ffff2cf0
0000a1ca
0000ffb7
ffff3444
000145cc
ffff4ca3
ffff3965
ffffd3b2
ffffd895
ffffe90e
00007bde
ffffbc53
fffff780
ffff5b52
ffffe0ee
00002e7e
fffff59c
00009d8b
000058f0
0000da78
00003d2d
fffe1f40
0000efa3
0001fcee
ffffb777
fffdea0a
ffffea12
00013757
0000ded1
000175ca
ffff3187
00005d1f
00001086
00007b26
00003397
ffffd443
00003aa0
00019edc
fffeb16b
00009b3b
0001bf90
0000f108
ffff3839
00002107
00008627
ffffab73
00017944
ffffffa8
ffff7040
0000b860
fffff542
0000b031
ffff59d9
000060b5
fffe3f13
ffffe73b
ffffa9f4
00003df1
00006dbf
000160f9
fffffe22
000128ee
000125ae
0000932f
00017225
ffff2b4a
0000ee36
0000281e
00002385
ffffc0f0
0000a980
fffffad6
ffffb9be
ffff07d7
0000e99c
fffee5cd
00019107
00001672
ffff8547
ffffafad
00006243
ffff3b8e
0001a92e
0000d44e
0000fee9
ffff6c09
fffe84d6
0000ef06
fffedeb6
00013371
00004ff2
00007201
000114b6
000113cf
fffff0ab
ffff6f68
00010c10
00002aaf
0001b18c
ffff8b65
ffff012b
ffffc9ba
ffff3968
00009029
ffff900d
0001c835
ffff1568
ffffe748
0001be3c
00000898
0001f2f9
0000860b
ffffdca7
0000dfab
00009106
0000a280
ffff96bf
ffffe6e1
ffffc4d7
ffffaba4
0000b83a
0001332c
00006be5
00008831
fffee628
000117b0
ffff7206
00004c4d
ffff8207
00005c91
ffff5d43
00011063
0000ce1e
fffea671
0000a05d
fffec276
ffff0ca2
0000c609
fffe6e57
0000700a
ffffb218
ffff793f
fffe8602
0000a72a
ffffb700
0001bc14
fffebb63
ffff6dad
fffddab7
00003178
ffffeb02
0000e429
fffd1aea
00014ede
000088c6
ffff4c56
00006421
0001ae79
ffff59a8
ffff3c53
00007540
0000f123
000112b1
0000bb9c
0000b410
0000b754
fffec444
0000645b
ffff9e99
ffff24fd
00004343
0001d6d3
00010c15
00000432
ffffedab
fffecd66
ffff241c
00010803
ffff47bd
ffff434a
000126f6
fffef968
ffff4cff
0001071a
00007339
0000e3f1
fffe7a18
0002d7f0
ffffe021
ffffd65d
ffffa85b
fffe65f9
00001b92
000002e7
ffffcbb0
ffffd114
00026f4c
fffddacf
00012ff0
fffeef40
0000df5c
fffef4b4
00005eec
ffffeb93
ffffaf82
0001556d
ffff1e9e
ffff97a9
0001893c
ffffea86
000109b0
fffed390
00001269
000038c3
fffefb2c
ffff444e
0000046b
0001addc
00016000
0000183d
ffff9800
00018465
00021a80
ffff02c6
000154fc
ffff3b68
00006dc3
00006b7a
ffffc767
00005c9c
00010090
0001572a
0001ae18
000045da
00011766
0000cebb
fffef421
ffffe683
00001a3c
00010d92
000070dc
ffffbe34
0001695a
ffff02b7
fffed100
00007d3f
fffed574
00003102
00015a2d
0000317f
ffffd53f
ffff4102
0000bf67
000152d0
0000edd5
00001b9f
fffeeb00
00002d4d
fffe44c4
ffff0b6e
00001c94
00018e88
ffff2364
fffdd373
00008a6d
ffffc43c
ffff7dc9
ffffd1ae
ffff4bd0
ffff368c
fffffb61
0000ebc5
ffff7a54
0000f899
ffffa8f7
00004d7f
0000ebd5
0000bda7
fffeda74
0000370d
0000570d
000009a6
00003205
fffed2dc
000190fb
00000a32
0000dfe7
fffed4cf
000069f9
fffeda1c
0000b3a1
0001d0ac
ffffbcf9
ffff5575
0000c407
ffff9014
fffea50a
fffef4d6
fffed928
0001a5bb
00004f9b
fffec2d5
0000c29c
ffffbf84
0000367a
ffffcf1b
fffff183
fffea30c
000308df
00001aa8
ffffddf3
fffec0b6
0001a7cb
0000c6df
000075d8
ffffd918
fffe962e
fffebe42
00009721
0000420f
fffea30d
0001647a
ffff5a5c
00004757
0001b585
00013b98
00015634
0000d103
00002a0a
0000b632
ffffc078
000074c0
ffff4f92
0000bee4
00002b7e
ffff3b86
fffef607
00005f2a
0000026f
fffee0bb
fffec01a
00002d4a
fffe4bc6
0000583e
000030d5
fffef880
fffec7aa
0000a64c
00009e6e
ffff1999
00007b44
fffee5cc
ffffd711
ffffa818
0000b0b1
ffffa715
00015b80
ffff1b4c
fffea753
ffff2a11
00008a25
fffe1d17
ffffdaa3
ffffb31a
0000ef53
ffffe6e0
00006749
00007e44
0000e799
fffff06c
0000595b
0001158a
ffffca90
0000cda7
fffe6cbd
000000dd
00003362
00007e76
fffff504
ffff9084
0000cef8
ffff4b4c
ffffcb94
ffff76c9
00000091
ffffa699
ffffe586
00003551
ffffd4e9
0000ddb8
00015449
00001f79
fffef1cd
fffed373
000093c4
ffff3301
ffffd2ff
ffff4664
ffff47d7
000124e8
00005aff
000214d8
0000b282
fffeea4c
00006b6e
00000f5e
00011c87
000165ff
ffff1beb
ffffeece
00011252
00005acb
00007e42
fffff6cc
0001249d
ffff773b
fffee8da
0000e01d
0000f708
ffffa760
00005bbb
00006dd9
0000c005
ffffbe77
ffffe11f
00005229
00011f31
fffede34
fffde37b
fffeaa35
00009535
00018261
000033c5
ffffc89f
000082c0
000013f5
ffff1cc2
00000129
0000c59d
000045b2
fffe64c5
fffee1e6
ffff3e54
0002f2f0
ffff82c3
0000c1b5
ffff82c3
fffe3d4c
ffff5318
ffff7b75
ffff1c18
00007454
ffff8323
00007ede
ffff9961
ffff12a7
0000af09
000094e8
ffffe274
ffff6c3b
0000c9c3
0000d8c3
ffff3418
00001807
ffff3997
ffffcf0f
00008b90
ffff4c94
00003202
ffff5f8a
0000a430
0000979d
ffff1826
ffff7918
00015be0
00000c90
00000e58
fffdc83b
fffeae5e
ffff99dd
0000bb2d
ffff572c
0000680d
ffffa374
00010258
ffff3bd6
ffff60d2
0000f080
00003d41
fffe96c8
fffed568
ffffb092
ffffc23f
0000be6d
fffefab4
ffff22d9
00014e13
00004b89
ffff09c1
ffffeee0
ffff8f6f
ffff8509
fffe9608
00001e20
ffff3db6
00006f1f
000134cb
fffef1c5
fffff43d
fffe33d3
0000417d
ffff0850
ffff8c77
ffffa760
ffffda8c
ffffdad9
ffff875a
ffff7867
00000f8c
000016c7
ffff61d8
fffebe13
00009d7c
00002cf4
fffff49f
fffe32fd
ffff2ebf
fffdbe89
ffff7139
0001b507
00009d69
ffff4301
00003fa0
ffff6780
ffff3625
ffff85f6
fffedc82
ffffd5f0
000080de
ffff2864
00006ae5
fffee803
0000d576
00009a43
ffff94c2
0000dd27
ffff1562
00002453
000134cb
fffedec9
ffff609a
fffffdeb
0000e142
fffee2c9
ffff4c00
fffec008
ffffe5dc
000097df
fffebeb6
0000e266
000051fd
0000372a
00010b34
ffff159c
000129d0
00011623
000006e4
00000c92
0001e5b5
000020c5
fffff995
fffffbe0
000077f8
0000148c
ffffc99a
ffff6b43
ffff149a
00006da6
ffffdfe8
fffff252
ffffed26
00002156
ffff8c96
ffff991b
ffff4325
000047af
000031ae
ffff7d32
ffffe740
000115a1
ffffec72
0001075c
0001d609
ffff642e
ffffe7a2
00004978
fffee137
000004c6
0001b805
ffff542f
000042bf
000026eb
ffffeb35
fffdc16a
00002390
0000dcf5
ffff909f
0000a724
ffff45f0
fffee511
ffffe949
0000e4a2
0001077a
ffff7e9b
000069d6
ffff1599
fffe845b
ffff1deb
ffff547a
fffe68ea
ffffd3e1
ffff7e2d
ffffbd42
ffffed4e
ffff0031
ffffd352
00020ec2
fffe7daf
ffff0b79
fffdab1b
00002abc
00001151
00002bb6
00001094
ffff4760
00010cbf
ffffec37
ffffc921
ffff5c87
00005b36
fffff99b
00011810
fffefc8a
ffffaec0
0000f5e2
fffff5be
ffff263a
00015f1a
fffff311
0000c1da
0000d79c
00003206
ffffc32e
ffff4faf
00006bf4
fffef3af
ffffd670
ffffed45
00013a33
0001b302
fffdd477
00018a66
00018528
00004578
00014474
0001172e
ffff2dda
ffffa2b5
0000b186
fffde9a4
ffff9593
00009318
00013382
ffffdde4
0000612d
0000d76e
fffe37c5
ffffea0e
ffffbcdd
0000a8f7
0000760e
00002839
ffff5bbc
fffffb92
ffff4e4e
0001819b
fffdfc5c
00002cb4
fffeac7d
00008e74
fffe3508
00003f9a
ffff374a
fffead44
00010f2c
fffffaab
ffffe705
ffff4e03
fffebecb
00008e82
ffff6a81
0001c3fc
000007f9
000105b4
ffff27a1
000174f5
00023bf6
00015738
00012a1c
fffedc87
fffe49d7
00001f96
000043fa
ffff2144
0000388d
000056fd
00009ab6
0000df14
ffff85f5
ffff6811
000167b0
ffff5c8f
00009c26
ffffa001
00009216
ffffc58f
00013574
ffff233a
fffe6803
fffffe60
0000ad93
0000b2e8
0001c6ed
00006422
0001540e
fffeb252
00017c76
0002c1e3
00002b74
0001b647
00001f58
ffff2922
0000767a
00016061
fffef844
00029ae6
000044ce
00004e4d
fffff7ad
ffffd938
000184a4
0000f8f7
ffffbb5d
00001809
0000ed06
ffff06e4
000105a0
fffe51dc
fffffe32
ffffacfe
ffff382d
ffffe4d7
ffff233f
00009afb
0000eff3
ffff6e91
00021b2f
fffefab5
000045ae
00001efc
ffffa238
000053b2
0000bdad
0000d182
fffe4d55
00005f3c
ffffa7e2
fffebdbf
ffffd104
00010d01
00000706
00012260
ffffe6b3
ffff80c3
fffff5fa
fffe4dfe
fffffc66
00001bdb
ffff6877
000096fc
00012632
00003b9a
fffff445
ffff27fb
fffed506
000017da
00004737
ffff696e
fffdb745
fffe9c89
00004efb
00014fb6
000114a4
ffff0622
fffeff6c
0000be1f
ffff362a
000059bd
ffffa56e
0000fedd
fffe8c5e
00000233
00002042
fffefd3d
fffdb23c
0000fad6
0000753a
00003c80
fffe2557
00007900
000003ed
00000878
ffffe8fa
ffffaeb1
00012a21
00001d3e
ffff6195
00025d90
fffe4ba7
0000ec28
fffff08b
ffff565a
ffff735d
00008604
000034d6
0000036c
ffffa04c
0000750e
ffff9035
fffdf99c
0000cece
000115a0
ffffb271
ffff9391
ffff25e4
fffeac62
00007d09
000009a3
0000a392
fffee9d5
0000572c
fffeec7f
0000abd6
ffffc47a
00006dcc
00014cd7
fffd7d61
fffea228
ffff5e6e
ffff6f53
0000d551
fffee67f
00001793
00003397
00010bde
0000a0ff
ffffbbfc
ffffe130
0001e4ef
0000e3f1
0000d857
00001e9f
fffef3e3
00017cd2
00003e1a
fffeb226
0001c656
0000cde4
000065a6
000146c4
ffff02d2
ffffcc82
00008bb7
0000dc4d
0001d92f
0000b867
fffef933
0000b62e
0001561e
00000825
fffe9ef6
ffff1d7f
00006aad
00007944
00013e63
ffff043b
00014fac
ffff123a
fffe228d
ffff8961
0000d728
00010304
00009853
ffffdb4e
000058db
ffff7fb1
ffff79c7
000093d7
00004940
fffffa0b
ffff36c2
ffff64d9
0000e148
0000b992
fffeb1b5
ffff558d
000057cc
0000a0a4
00001de5
0000e109
ffff016c
ffff13b2
ffff9fd6
ffff31fa
00018a9e
fffe988d
ffff6578
000009d6
0000fcdd
ffff1f4a
00004cba
000068c0
ffff2a16
000071ef
00006742
0000f185
00006951
0000ef5d
ffffadfc
fffed2ad
00003e75
ffff9bf2
fffff253
0000f1f3
00009c31
0000a034
00000124
0001c7df
fffdffc2
fffd7843
0001efc9
000165d5
0000b2cd
00017f67
000058f8
000085ae
0000c51f
fffff340
0000f8c0
ffff1564
00018d7e
0000906c
0000526e
000137f5
00004912
fffdfceb
ffffbd18
ffffb335
0000e3fb
0000bbc2
00007eae
00010d1e
ffff55f7
0001926f
ffffc88f
ffffbd8d
000212e7
00022625
00017607
00023de4
00003c52
00004bf4
fffffdd4
000022d8
0000161b
0001017f
00001992
00017f6f
ffffd369
00003f10
0000faa1
ffff62a2
0001362b
00000bcd
00010171
ffffbe16
ffff203a
0002115b
0000572d
00013150
00018767
ffffce1d
0000ea45
000162a4
ffff9d71
0000ceff
0001a2a9
0000d7c1
0000f155
ffff7aeb
0000e6c6
0000a411
0000332b
00010b10
fffe78c2
ffffa5bb
00008dae
00024295
0000eade
ffff1150
00009c8b
0000c526
000098b4
ffff215a
ffff3797
0001019d
0000332b
ffffab04
fffffb70
ffff4955
00016c16
0000a761
00010ac0
ffff6e99
ffffcab6
0000c1ca
000141a4
ffff26fe
fffefd6f
00013dfe
0000ea7f
00003590
0000bbdf
00007c3f
ffff6a75
ffff0ded
fffef408
ffffd64c
ffffe788
00002381
ffff5125
ffffc514
000116d5
ffff547e
ffff1143
000118c4
fffff11d
0000b79a
0001cb08
00010890
ffff8d9e
ffffa5d4
ffffab31
fffe25d9
ffff6035
ffff118c
00008ba1
0001d9df
00016b63
00004a50
ffff8f93
0000536f
00008078
ffff9e14
0000dd68
fffeed95
0000565a
0002e253
0000aac6
ffff32b1
00001113
fffe6bf2
ffff6a79
000010bf
fffeee53
00005a25
0000cf66
00003cca
00003592
000083f1
0001041e
ffff89c0
ffffac64
ffff5888
ffffaf89
000110c7
fffff823
ffff3a0c
00003e11
ffffe130
fffffcb7
fffe6938
ffff8a5c
fffdf8cf
00001962
ffff471a
ffff6950
ffff893f
00000da1
0000e780
ffff4ce3
fffe8a3a
ffff8646
fffeda71
0001ec5e
fffea8f2
fffec36b
ffffa1aa
00015cd3
000191b4
00001259
0000f6e0
00005dc9
ffff7009
00014300
ffff2812
000029f3
fffe6163
00008f69
00001860
00004ff8
fffe5a93
00014361
00003dad
fffec429
ffff1531
0001546e
fffefa28
00001347
00009856
fffefe7f
000064ea
ffffc8ef
fffd9064
00002b80
000049ed
ffff1d39
000055e0
00005351
00004935
000051e8
0000c14f
0002e9cc
00013dc8
0001eddc
0001a14d
ffffc761
000058d0
000083b2
ffff1915
ffffe727
fffff008
fffff05f
000017c4
00002347
ffff9802
fffeeef9
fffffe80
ffffa8d8
000185fa
ffffb329
ffff77d6
0000cf8b
fffedc4f
ffff7195
ffff74ac
0001c364
ffff397a
00012fbc
00003622
000010e7
ffffa37e
0000e1eb
ffff740f
00012b2c
ffffa648
ffff3932
00016585
0001827f
000000ba
0000885b
ffffffcc
00014efe
0000236c
0000c8bf
0000265c
ffffb342
ffff130f
ffffb7eb
fffecc9e
000138b0
00002f52
00023b5b
ffff69ac
ffffafda
0000e982
0000aa66
ffffdf1a
fffeaddd
fffe9e9e
00018d75
ffffc705
0000cfdf
00008e88
000038e6
ffff8734
000051a0
0000cbfe
00000a05
0001a64d
000076b4
000073fd
000017e6
ffff538a
ffffc5f1
0000822e
00016738
00003279
00002709
ffffd668
00006eb6
ffff3007
0000897b
000055ec
ffffb24d
ffff2de6
fffeb29e
0000ae15
ffffdea3
00001711
ffff2848
0000a434
0000ffb8
ffff495a
00008a09
0001dcd3
00015c73
00002c87
ffff5840
fffd5c85
fffecaa4
0000d055
0000390e
00014b7a
0000fe09
ffffbce5
0001ff9e
000051ab
fffddbe1
00008193
0001c18e
fffefdaf
ffffc1f9
ffffba13
fffff74e
fffff0ef
00012bd6
0000a8a5
fffe25f6
fffeefc4
fffd4d7e
fffebffa
ffffb368
0000d5c8
0001b6fa
00016751
00008abc
00005080
0000ae7d
0000954b
fffe2cd9
0000b50f
fffe5a62
00003b6c
00003dfe
00000c3f
ffffa98d
ffff3e0d
00007364
00019f5a
ffffe23b
fffff8ab
ffffa637
0000f228
ffff66d8
ffff63ee
00011be4
0000773d
00000b77
ffffcb97
0000d357
ffffd6b5
ffff08be
ffff7d96
0000dd3b
00009ad1
00009417
000015a6
000115aa
000045a3
0001dd23
000022b4
000065a4
ffffe039
ffffcdf3
ffffe1d3
fffed5ad
ffff9f69
ffffc762
fffff02c
00023690
fffdfc94
00007b3b
00007fc1
00017279
000114b4
ffffd944
fffdcde8
ffff8caf
0000a6f0
00016bf5
fffede5b
00013445
ffffa54c
ffffd387
0000a0e3
0000600d
ffff9281
fffe66cf
00015498
00011cc4
ffff0a84
ffff9dca
ffffd1e1
fffed994
fffffb01
0000711b
00008aca
00009929
00019a40
00002b73
ffff1ae7
ffff07d3
00000d91
ffff64c6
0000135b
ffff29fe
000163a2
00001113
ffff064d
000036b8
ffffc5e8
fffeff1f
00009016
00011ea5
fffff852
00019dbc
00005d7d
ffffc472
ffffc344
ffffff25
ffff44bc
0000e615
000153af
fffffa86
000034d6
ffff8426
ffff4af6
00007a59
00023693
00012648
ffff09ff
fffff1ae
ffffe396
00004007
ffffd646
0000433a
0000f11e
fffdf67d
ffff3409
0000bfb2
ffffb067
ffff9512
ffffe7e6
000063cc
0000d3b3
ffff266d
fffec868
ffff02ef
0001a76c
00005c44
0000c432
ffffcb79
00005362
0000a7de
00010b45
fffeb169
00019342
0000ccbb
0001c16b
fffe9c9a
ffff9a94
00013448
000100af
fffdc59a
ffff87da
000071b4
00026c21
00018718
fffedaa8
ffffc880
000022bd
0000d28d
ffffc42b
000010ac
ffffa70c
000064bb
fffff7d7
00007be7
00014d6a
00000704
ffff6f25
000120d0
0001fab5
00014ce0
00003e23
0001703e
fffe964c
00001467
00007af4
ffff160c
00010768
00015070
ffff48d2
fffe5b07
ffff6591
ffffb468
fffe87be
ffff85e4
0000869d
ffffa790
00000013
ffff98d1
ffffa015
ffff0c49
0000bae5
ffff5c60
000051c4
000168a3
00018011
fffd5bb8
fffe8f84
fffead72
ffffc590
00008782
0002c3e4
00009185
ffff6122
ffff99e5
ffffbfd3
ffffaab3
ffff6336
0000813a
fffe888d
00011fce
000000cf
ffff542d
ffffa30b
00000074
00002a6e
ffff93e2
ffff14f0
000076aa
ffff4510
ffff26a8
0000cb44
ffffe973
0000a7fa
ffff7202
0000f41d
0000056c
000147e2
ffff2a55
0001d6e8
ffff6834
ffff7968
ffff8d4f
00019ae5
ffff430b
00028be3
ffff606a
0001011e
00012570
fffe56ac
fffe2d4d
0000151b
00005df8
ffffaacc
fffef6a7
ffffcd0b
00006691
000163df
0000a987
0000489f
0000640e
00002483
ffff8131
fffd6145
ffffc862
000314af
0001d261
ffff3dc1
fffe1b7e
0000d2d2
00002953
00001715
0000a200
ffffe25d
0000ead6
fffff51f
fffff4b0
ffff5f68
0000ded3
ffff4a2b
ffffd5cd
0001b9ce
00000314
000079ce
0000406d
ffff20e5
00019411
ffff643a
ffff7e86
ffff245a
0000ad73
0000d03d
00003be0
00003c1e
0001669b
0000d2c2
ffffc84e
ffff9484
0000be21
00001a95
ffff1225
0000d09b
ffff4afa
fffe2df4
ffff4953
00000cdf
fffeb3f0
00006583
fffe961c
ffff5baf
ffffd0cb
ffff2004
ffff9eef
ffff5703
0000306d
0001a65f
00003e60
ffffb7c2
ffff27dc
00000200
ffff1bc1
ffff87c4
ffffda29
ffffd229
fffef506
0000ae1f
00005eda
000087eb
0001d544
ffff5ba2
ffff3f4b
00006346
0000337e
ffffec08
ffffdfa4
fffe4cbb
00017703
00004b16
0000a54a
0000533c
ffffea6e
0000241b
0001369e
ffff993f
000116c4
ffff42bc
ffffa947
ffffa9df
fffec4fe
0000e8df
fffe5cb6
ffffb058
ffffe4e4
0000b0b3
ffff55a6
00003739
ffff58c3
00006707
fffe7cec
00007e62
fffff499
fffeca5f
00004e66
0000eeb9
000064e4
00002e9c
ffff4841
ffff600e
fffed08b
ffff8bd0
000153f2
0001aed1
000098b6
ffffcee8
0000d19f
0000b913
ffffaf89
00006e11
ffff8920
0000c506
0000de59
00009f20
ffffb478
00001c64
00000cf1
ffff95dd
00006752
ffff7c5b
000003a1
00000aff
ffff675e
ffff8353
0000a478
0000da5f
00011b28
ffffbf2b
0002a463
00007f7c
00002bcf
00014d40
0000439a
ffff8bbc
fffffdb1
00006c89
0000b06c
0000e2d8
0001225b
00006709
fffec0eb
ffffa7cc
ffff3752
ffffb03f
fffff937
0000ec6d
0001552e
ffff82ce
ffff54a1
000108ba
fffe2aa2
ffff9f9c
0000ce09
0000bc4b
0000ce1c
fffec135
00013e85
fffff4dd
0000b0d8
00007b0c
00011f75
ffff7863
ffffb576
00008b8e
0000516c
0000efa5
0000a148
0000b34c
ffff9f14
0000dbde
0000f5fd
0000f93e
0000663c
00007cc4
00009be5
ffff9c8d
0000c57d
00003007
0000f2ec
00012407
00000229
ffff90f0
00016ff1
ffffe6fd
00007279
00017acb
ffffd122
ffff862c
ffffb553
ffff6856
00009345
0000980a
ffff57b0
fffebdf9
ffffbe07
fffece1b
00020c65
0000a3b6
fffe3b31
fffec8b1
fffed573
ffffa080
ffff922b
000075dd
ffff7858
fffeba0c
ffff55f1
0001a37c
0000088c
0000f319
00003a03
ffff3d4c
fffdff65
00010c75
00015165
fffff3f0
ffff7296
fffffb5a
0001a92d
00004f2c
00006743
ffff2129
0001e8cf
0000ed13
00016cd8
ffffcae2
00000236
ffff5131
fffdd552
00016961
ffff53c9
ffffb3d8
000073d6
000152b3
ffff10ba
ffffda01
00005cc2
ffff56b1
ffff3628
fffec1de
00020c2c
ffff6d79
0001c0e5
ffffefd0
00006a81
00003271
0000df2f
00017d06
ffffc676
fffe8de9
ffffc5ef
0000eb71
00003f9e
ffff6631
0000396a
ffff9bae
0000d40b
ffff90fd
ffffffc5
ffff68cb
fffde0cd
ffff1c15
ffff2da0
ffffa37a
fffe807a
ffff96cc
00007930
fffeee24
00007b26
ffff85a8
ffffacab
00003e82
fffe6fc5
fffedcf9
0000e907
00006bd6
ffffa79d
0000044b
0001bdd4
0000cebd
fffe3bc1
ffff82ba
ffffbb4d
0001fdf5
fffea84e
ffff4924
0000770e
0000249a
00008dae
ffff46f6
00005950
0000fa25
ffffbf9e
ffffc2f3
0000bcd5
fffee3ab
0000b2ef
ffff07ea
ffffb2d7
fffff252
00000d6c
00016e87
00007ca5
fffef830
ffff2e3b
0000b4a2
00006446
00009eaf
0000592b
00011ad3
00005e51
ffff911c
00008015
fffffe58
0000d0b7
fffe3d47
0000de52
00002ce6
000142d9
0000b1b5
ffffa760
00012870
ffff0d7c
00010c31
00003493
fffe4c50
fffdf70f
0001cc8f
0000b063
ffffbb29
ffff4bb9
fffe8522
00009f43
fffde858
000055c8
ffff0a58
fffecaf7
0000fc75
00002aab
ffffa1dd
ffff7622
00010e91
ffff761b
ffffa4fc
0000706c
fffffa23
00001ad6
00020c89
fffe9d2c
fffddc6d
00002c90
0002fb21
0000a022
ffff7eee
0000a8bf
00006ae5
0000318d
00002785
000162d4
0001631d
ffff893b
0000a291
ffff8bed
000007dc
000060f7
ffff008c
00006946
ffff10a3
ffff4443
ffff2398
fffff924
00014256
00019b5b
fffff39e
0000f3fe
ffffd9d7
00011e33
000029ee
0000e709
ffffb609
000041bf
0000d8cf
ffff8305
ffffca26
fffef4f4
ffffe3da
00003848
0000f170
fffcbe71
000010ab
fffffc57
ffff9fa6
00003a11
ffff8b1f
00012f7b
00008518
0000f881
0000b73e
ffff2587
0000b9c9
0000ae47
ffff3322
fffe58ef
fffe852f
000218e7
ffff190f
00005ba8
0000cac3
ffffe4ef
0000205d
00015cf7
ffff1970
fffe68b6
00003b16
000055e1
00019b5c
ffffce3a
ffff04e1
fffef12c
00007e54
fffe613a
000060fa
fffee4fe
0000640b
0000dbce
ffff93c6
fffdd839
0000deee
00019842
00005f15
ffff47f2
fffed931
ffff6b29
ffffc375
00008d75
ffff1da4
0000488d
ffff9c9c
fffee87b
000109e6
ffff4a68
ffff36bc
00005a55
ffff3a7b
ffffacab
fffdbdfc
ffff8496
ffff2d31
fffeb974
0000b6ae
000043bc
ffff0a45
0000131f
ffffd63a
fffc726d
00000a4e
fffe0011
0001ea63
00002d67
0000a0fa
fffff257
000021cb
00002262
00003f7a
ffffad9b
ffffdbde
ffff8fa4
fffd1790
ffff8484
00009458
0000d10a
ffff6569
0000205b
ffff67e8
00013a13
0001d600
fffe496f
fffe51b8
0000f17e
ffff570b
ffff6452
fffff8e9
00001501
ffffff09
0000cf72
00008736
ffff6808
ffff6d31
0000b12d
0000ade3
000005ef
00008da8
0000b730
ffff48d2
fffffb9c
00015b6a
00004f2e
ffffcd9d
0000142b
ffffb304
000010be
000067bc
00013ccc
0001eecc
0000dbac
0000b13f
000161da
ffff82e5
00011a46
0000ac79
0000a391
000011c2
ffff2878
ffffdeef
fffffb65
fffea318
fffe7031
ffffd3ba
ffff9925
ffffa02e
ffff4d83
0001f2aa
ffffc713
00003d00
000014ef
ffffb2cb
00000b74
fffe2d23
00009dee
ffffbcf8
fffdde55
00012a13
ffffa27e
fffff0a4
00003ec5
0001e086
fffe3cc2
ffffb2f1
ffffbcdb
ffffb230
00003728
fffff1d9
ffffff6e
00003b7f
000233b9
fffff4ca
0000ee8d
fffea761
0000b105
ffff5306
ffff08f0
0000623f
00018c65
0000ae28
fffecd03
00013972
ffff321f
0001318b
00003b44
000047c7
fffff10c
fffcd297
ffffa78f
0000a078
00000459
0000aaba
ffff44b2
00017d67
fffea3fd
ffffd723
ffffed03
000174cc
000119c8
00009f25
fffe50f8
0000ce8b
ffffa002
fffef28a
0000dc37
000074a7
fffef8e5
00015fe4
00011c19
00007293
ffff0567
0000d4ce
00011cf7
0000f5a1
ffff8eef
ffff2271
0000d376
fffeaf24
ffff4fc9
fffec2cc
ffff440a
ffff7285
ffff58d8
ffffe03f
000082c5
fffff51f
0000bafb
ffff4ea0
ffff2cdc
0000fad6
00007513
0001c553
00008caf
ffff7959
ffff922f
0000ffaf
00013766
fffeec9f
0001ede8
ffff4d78
ffffe8c7
fffda8d6
fffefd7b
ffff5e81
00006138
0000267b
ffffb4a0
0000042c
0000b373
ffff028a
ffffe6ed
0000c81c
fffffa56
00013ee6
fffe8e26
fffebf24
fffff944
ffff5b68
fffffac0
0000ed4d
ffff8f08
ffffbfe6
00001e1b
ffff1c3c
000046bb
fffe9778
00001e6a
00000902
ffffbd5c
00010867
0001a804
0000ce59
ffff43c0
ffff75e6
00014584
000187db
fffeb40c
000045ac
fffebc3d
fffe672b
ffffcb90
0000303c
00011bdb
fffed7e9
ffff5a88
ffff87e7
00005ee6
ffff909c
0000140d
fffec1e3
000003be
000005c2
ffff635d
00001e62
0001af6a
000123eb
000005a4
ffffa877
0001009b
0001389d
00000d53
fffe74b8
00000fc4
000168e8
ffff6a05
00007734
000093f4
ffff21ab
00010ccc
000105b8
fffeb6c9
0001bfb9
ffff4619
ffff5b72
ffffc1c3
00019e8b
fffdd934
ffff4993
00008c19
00002c61
00004295
fffff45f
0000772b
00000aed
ffff687a
000182ab
ffffdb27
00003884
ffff9f1d
000144d5
00004069
00014d63
fffed53c
0000cae4
fffeb6e8
00001642
fffdbdc9
0000b286
00006978
ffff2f0e
0000559e
00008cff
00010668
0000daac
00033a5e
00005306
ffff1569
ffffb554
ffff51d3
fffe7128
ffff8f6f
ffff1d8a
ffff973a
0000f6a2
00016665
0000ee90
0001057d
ffff80d9
fffeb52c
00007cf1
fffe9758
ffff0ac8
00002f2b
ffff0bb7
00008d23
ffff1509
0000f52a
000013d6
ffff0bc8
0000ec4c
0001b212
000047dc
0000f4c9
fffedad2
ffffaa1d
ffffd2fe
00003a04
0001bc49
ffff39d6
ffff2b24
ffff1485
0000402c
fffe0f51
ffff074a
ffff8589
0001b321
0000ae9b
00009b22
fffe5806
00000cc0
ffff6e79
fffe4bd7
00011639
ffff1e83
fffe1704
fffdf2ff
00003833
0000e9ef
0000412d
0001417a
0000c49d
ffff6846
ffff1bd6
ffff87e6
fffe7478
00011dde
000068b5
0000ec41
fffedfd9
ffff33ca
000109df
fffea7bb
ffff2a35
ffff3e91
fffff1ec
fffeb0f9
0001a300
00006864
ffff2248
fffff690
000021b8
00004c46
00005d43
00000869
ffffad3b
ffff7494
ffff72fb
fffdf0f2
00007b16
ffff58e7
000182a2
fffed82f
fffff61b
fffea8a3
000127f8
ffff85ad
00008e65
ffffc715
ffff2d9a
00006619
ffff206a
fffe58cc
fffefcdf
ffff90f5
000062f3
fffffa1b
ffff140d
ffffff93
ffffd18a
ffffd320
0000a09e
000095b3
00000b9a
ffff12a6
ffff95e0
0000d3c1
0000aa5d
ffff89af
0001a40d
0000b12d
0000e9ac
fffff636
0000d756
000019e8
0000f5cc
0001cbe4
fffe4b7f
fffeaf4b
0001540b
0000f060
ffff6590
000085af
fffe8108
fffffe26
0000a348
ffff9e8f
ffffa842
ffff72e0
00005b9d
ffff722b
ffffa6c7
00013d0a
ffffc814
ffff4b4d
ffff9bd2
ffffbe24
000042fd
00014fe5
fffedd74
fffeea1c
00000501
00006be4
00006dc9
00009400
fffed706
000037e5
ffff1e04
fffef01c
0001325f
00004c42
fffeae21
0001349b
ffff9eed
ffff90c5
0000511e
00002783
00009271
ffffb37a
ffffe89f
ffff92fc
00008db4
0000a087
0000361d
ffff9f45
ffff5224
ffff6231
ffffe44c
00010392
00002750
0000e482
ffff3f4e
ffff5f65
ffffb0d0
00000769
ffffb738
00013e0f
ffffe1dc
ffffbdbb
fffe7f98
fffed336
ffff9137
fffea95b
fffe3d2a
fffeea6c
fffe4cf6
fffff7c8
00015b93
0000676e
ffff8570
00003f6f
000076cb
00019367
00001d3a
000160cc
ffffa32e
00004c68
0000207e
ffffa2ff
00006586
ffff5cef
ffffed81
0000e0a0
ffffa064
ffff422b
000154bf
ffff2a97
ffff6c0e
0000286f
ffff7409
ffff5cb3
0000c211
0000af79
ffff1405
00002d66
fffec78b
ffff3c03
fffff241
fffec3e8
0000027c
00005f98
ffffb191
00008251
000013d9
00001f9c
00010b43
fffff076
fffeb2f0
ffff694d
fffc2aaf
000079c5
0000daaa
fffeecd6
fffe93cb
0001ef09
ffff7b3f
00014a6c
ffffcde6
ffffc173
00007847
0000de64
fffdf6a7
ffff23a6
000014aa
00024fb3
fffedd44
ffffb181
0000037e
ffffb7ad
000029e4
fffdff76
ffffe975
ffff35d2
00003a67
000058ef
0001d0af
000011d2
fffe4b1f
ffff7738
ffff0868
000055ab
ffff641f
0001ba57
ffff948e
000023d0
00006124
0000c1cc
0000af57
000056d6
ffffbf7d
0001936a
ffffc1b5
0000a5ba
ffff1691
fffefb33
0001cb85
ffffc9d1
fffff36c
0000b3cb
fffec33f
ffffacbc
0000a9e0
ffff623e
000087a7
fffe1823
fffebc9d
ffff4263
00009ada
0000b9e7
0001aae2
00001970
ffff8e82
00000bb3
ffffba9c
fffed715
000015df
ffff50a8
ffff280e
0000ef13
0000191a
0000408d
0000929f
0001b7cb
ffffbec5
00009b20
ffff3729
00013053
00015a87
0000fcf4
0001a37a
fffec6c2
ffffdc07
ffffc721
0000a0a1
0001335c
0000aee4
000147e1
ffffa45f
00006cf3
0000a35b
00010662
ffff4dd0
fffe22d2
fffeac49
fffe9613
ffffdb7c
00004a8f
00003c23
ffff8233
ffff6b72
000052a0
0001e7d9
ffffbca9
000103f0
ffff4219
00006088
fffe36b2
fffe5543
0000b68c
00013708
fffe2031
0000d1fa
0000461a
ffffb2ac
fffff2db
fffed09d
ffff94e3
ffff0a13
ffff603b
ffff210f
000006f7
0000e6ee
ffffab75
00008815
ffffd57c
ffff7f58
00002876
0000fadd
00008710
ffff5df7
000075c9
0000d12f
ffff93d9
ffff9ce3
ffff8275
ffff4541
00013871
ffff33db
ffffcecb
fffe2fb4
00013699
00000979
0000f1ce
0001865c
00004d6f
ffff24dd
fffec301
000076aa
000095f0
000043db
0000d6ca
ffffa718
ffff23cb
00006e24
00005496
ffffe525
ffff9373
ffff838c
fffe74b3
00002bb8
ffff6012
0000118b
0000123c
fffe4669
fffe2080
fffecad7
0000ff43
000135de
fffdf860
00008162
00007632
000132da
ffffe447
ffff1a89
00017012
00004072
0000cecd
ffff3bb6
0000133c
000135c3
00002a81
ffff7bde
0000b99c
0000ac3e
00003b69
fffe6ecb
0000852c
ffff899f
ffff4124
ffff8563
ffff4e52
fffea1ab
ffff0c73
0000893f
00011e62
ffffe238
0000121a
ffff77ea
00009f24
fffecbf2
ffff7477
0001fef0
000095fc
ffff2fb0
fffecf9e
fffea5f2
fffff416
00009e9f
fffecfb7
00006065
fffe0d60
ffff759e
ffff779c
ffff8f0f
ffffd6c0
00010134
ffffc8b6
ffffa4a1
fffe08b0
ffff5224
ffff8987
fffe922a
00006505
0000a749
00003469
ffffdfef
ffffca87
ffff2327
fffff043
ffff9920
000001e9
00000230
ffffbd18
fffebad8
ffffbfae
ffff8ca0
00019d4b
00004091
0000b828
00011492
fffeb639
0000bad1
00006b23
000090e7
ffff99ac
00008b60
00010db3
ffffb3de
00008f8b
fffff6fe
ffff70ce
ffff571d
000066c4
00008cb7
ffffbc8e
ffff61cb
000090f4
ffff4153
ffffc607
0000fdbe
00006947
000034c8
ffff2885
ffff745d
00002187
fffea8c4
0000176b
ffff7a3e
0000b920
0000bbc9
00018d1e
ffffed95
0000772c
00001b4c
fffebdb0
0001c615
0002345f
000111ea
000079a3
ffff77ad
ffffc578
fffd7d70
0000297e
0000e027
ffff3b2e
ffff3243
ffffdb2c
fffdf8c8
0000b329
00005f26
00001888
fffecae3
ffff91d0
0000d95f
0002930b
ffffa249
ffff56a0
00012758
00003928
000118f7
0001091e
00003541
0001395f
fffeacb2
00007ef9
000045e6
000070ab
00006262
fffff127
fffed0f8
ffff6cc6
ffff6270
0000c84a
0001225a
ffff8ba4
0000d134
fffeed42
ffff4a29
ffff6d0b
0000a8f5
000066e0
00017b1e
ffffcb4a
ffff85a6
0000f9fd
000010ba
fffe5409
ffff8870
000066b3
ffff0323
fffe7a04
00005328
fffe7094
00020fba
00007fae
ffff667d
fffe95bd
fffeaf89
00015875
0000e55b
ffff9acc
0000ffeb
00002a90
fffe4880
000149bd
00007cc0
ffff9e76
0000e905
00011c33
0000edb1
fffec430
00000d63
ffffc800
0000f0e6
ffff2c7d
0000208c
0001279e
fffff398
fffe7c72
ffff9902
0000ec33
000033bb
00005ad4
fffe94b1
00009905
000128be
00004dc0
fffebd67
000121f0
000045d3
ffffa756
0000b2e0
00010449
0001194e
fffea597
ffff932b
fffff0b4
0000df96
000088d3
ffff89ab
0002490a
000005a9
00008b4f
ffffe0d4
ffffb434
ffffa230
ffff177e
000154b2
00019223
fffec167
ffffe3fd
000156fe
000137db
0000ea7d
00001193
0000a271
0001f518
fffec1a1
ffff86be
ffff75fd
fffe7fd6
000190c5
00004b3d
00007321
0000c32a
00017bb2
ffff2569
fffff0b7
000173b9
0000f9ef
fffe268d
ffffe9e6
ffff92b2
ffff3a69
fffeb002
00018361
0001a93d
0000b646
ffffe792
fffee985
ffffe7b6
00011bc9
0000c5ec
00002962
fffed6c4
ffff34fd
ffff962d
0001a536
fffee6b9
000084e3
00009c64
00019b2a
ffffa7de
ffffa18f
00014208
00017ecc
000038d2
0000e54e
000092aa
00008b76
00019e13
fffe90b4
00002099
000097e8
0000217c
000121a8
00005a1b
fffe586a
00009361
000054ad
0001aaa1
ffff5184
00009b8a
0000f4e1
ffff2542
fffee8e7
fffce642
ffff1850
ffff66bf
fffe49e7
ffff69a0
00008c28
fffea32b
ffffc35e
ffff750e
ffffd1ff
0000bcfa
0000151a
00006ff7
fffedcd8
00015bda
ffffe85f
fffe117b
00008c3b
fffefcb3
00017aa1
000050c1
0000f7cf
ffffddeb
00001d23
0000cc74
0000d750
0000affd
ffff5ad5
00003cd6
fffee554
ffff8061
0000c398
fffeddb4
ffffca2b
fffee009
ffff3dc2
00001360
fffeab32
fffe48cf
ffff855c
00005240
00006b8a
ffff05b5
ffffcc37
00008f5f
ffff910a
fffff359
fffedc70
0000807b
fffff083
0000ddae
fffed250
fffe03e5
000047fd
fffff1d7
ffff881e
00016f80
ffffbb7a
ffff9fba
ffffdc86
ffff4373
fffed0da
00009d0c
00015aa2
00005329
0000bd42
fffe5d38
fffeeda3
ffffbe85
000128fa
000121f2
ffffd714
00004667
00018d4a
fffee8cc
000038c2
00000bff
ffff02d7
ffff70c5
0000e18a
ffff7d7d
ffff785e
ffffbd84
0001e453
0000f723
fffebc51
0000dc67
00007480
000026a3
ffffed95
ffffc1d0
0001cd7b
000052ae
0000a72d
ffff511c
ffff9ab8
fffed1a2
0001121c
000167ab
fffdc68f
00007dae
0000ea38
fffe0489
0000abe3
ffffe4f6
ffff63d5
0001f981
0000943c
000114f1
ffff3e10
ffffb0b3
ffffca4b
00002019
00005fc8
fffeb2f1
ffff866c
0000d5df
ffff6275
ffff50e5
0000508a
ffffcead
00009349
ffffc34c
ffff99e0
ffffe310
fffde913
ffff1a00
ffff7f8a
00001f54
0000e6c4
00013e0a
fffdf539
00002987
ffff4836
00008f4b
ffff7730
fffffa29
ffff37f8
ffff4201
fffe9e89
ffffd9a7
0000aa56
fffd6f38
00002e85
0001f6ad
00003b77
ffffa6c8
ffffe2b7
00015823
ffff68cb
ffff13a6
00018fdd
00004d6b
ffff75b5
fffe36cb
0000cadb
ffff1709
ffffbe84
ffff8d8b
00019161
000017d4
00021829
ffff91b0
00002bcc
fffecb13
fffe549b
0000b4dc
ffff2a42
00001840
fffe1a58
0000435e
ffff956e
00002e24
ffff9caa
fffe92d9
ffff0364
fffed026
0000bf92
000162a7
fffe84a6
00000132
0001700a
00012963
00013480
ffff32d0
ffff3946
00011b1d
00013998
ffff856d
fffe7874
fffef2f5
fffe51ae
0001a70b
ffff6ab6
ffff6189
fffe8458
ffffa1ee
fffe8d2f
fffec77f
ffffc26e
00006e5e
0000019c
ffffa25c
ffffbf4c
00008164
00000a56
ffff3cb4
0001141d
ffffaa71
00000cc7
fffff7c7
00008efd
0000bcef
ffffaa22
ffff51b2
0000b812
0000ee03
00008224
ffffbedf
00005224
fffe8dc9
0000a3fe
ffff2e85
fffe979b
ffffe140
00019708
ffff4077
000005da
00002cd5
fffdf682
0002524b
0000dc38
00004bac
0001510e
000003bb
0000d014
00001c2f
ffff7686
ffffcb0f
0000d6dd
fffe3c9c
fffeb3a9
ffffb1b4
fffffe72
00004f5e
ffffc750
00004986
fffea955
0000c540
ffff2faa
0000a3b4
000090d1
0001a201
fffe2c49
ffff64b7
ffff2e17
ffffb1e1
00009b84
fffdf5cb
ffff7d93
ffffe822
0000b9df
fffdabca
0000784b
00016c92
0000bd43
00004136
fffeceb0
0001a401
ffff028d
fffd8780
00006ae1
ffff67d3
ffff2ef0
fffeb143
00005870
ffff10d5
0000a0a3
00012a6d
ffffa898
0000a710
fffee578
000144d8
0000fb5f
fffde7ce
ffff4d01
fffef120
fffebd52
ffff0716
0001f396
000015f6
fffecde6
ffff2853
fffe4e3b
0000b742
00004a38
fffe6a28
ffff0656
0000d8c9
fffe6f17
0000016e
000136da
00002035
ffff57c0
fffed027
ffff52d6
00016822
00014b08
0000a7e5
ffff3324
ffff9f24
0000f538
0000642f
00008e92
ffffd037
fffee488
fffe87ac
ffffb434
00004987
ffffd913
ffff2c2e
ffffcd37
ffffbbd1
ffff9f32
fffe590f
00005dea
0000ba03
ffffddb8
00006c93
fffea046
000000a2
0000a313
000035f6
ffff88a7
000099e8
0000663d
00003a52
0000f12c
fffea40d
0000178d
ffff08e4
00015773
00009704
000096af
0000c937
ffffbb0b
00010ac0
fffebc58
fffea2fc
000066c7
00012d55
0001d2a4
ffff9309
ffff215f
0000496f
00002497
00000a3f
0000d859
0000e9aa
ffffe605
fffff1e0
000009fd
0000499b
ffff8302
00002d26
0001ae31
00004951
ffff2b60
ffff7c01
ffffbadf
00012894
ffffe573
000194a4
ffffb9b6
000185d2
000150be
00015ae4
00016ad6
ffff173d
00007745
0000045e
ffff89e9
ffff5805
fffffb48
0000449a
fffe7e80
fffff988
ffffc77f
fffeb975
0000a60a
ffff654f
00009044
00002048
000008b2
00003f38
0001d43c
fffefff2
fffffb00
00000d2a
0000a7b7
0000620f
ffffad74
0000549e
000073b8
fffefcc8
fffecdca
0000cdad
ffffc949
00006301
00003d70
000078ae
00000e35
ffff5a12
fffdcdb0
ffff8e21
ffffb61c
ffff8ab2
ffffbee5
0001167f
ffffb6e3
ffffb7fd
00013676
00000087
00019983
ffffd529
ffffe5b9
ffffc831
00005be1
ffff67be
000043bc
fffe5de4
00002b4f
fffe52da
0002e0a2
